x_values,y_values,word,Cluster,Silhouette
continuous,continuous,string,C1 C2 C3 C4 C5 C6 C7 C8,continuous
,,meta,meta,meta
0.0063222037,0.0027852613,tweeting,C3,0.6583670210758372
-0.0010739013,-0.0016264399,rise,C1,0.5619534561343449
0.003975617,0.0013684938,dead,C3,0.5523958926649285
-0.006764146,0.0005140986,need,C8,0.5609882834618791
-0.0025302335,0.0048143696,upgrade,C7,0.552197157396594
-0.0072201067,-0.0074372697,plugin,C8,0.5530815528060925
-0.003513383,-0.0051116585,station,C5,0.5423345254875116
-0.0011509941,-9.326907e-05,hope,C1,0.6266514963438133
0.0009556628,-0.00037853545,year,C6,0.637121370755043
-0.0016973435,-0.0005346167,festival,C1,0.6445356927280362
-0.003068677,0.0007494917,crashy,C1,0.653756151870635
-0.0038994069,-0.003072143,noticed,C8,0.6070126016428088
-0.0053441375,-0.0022698564,coming,C8,0.657524845933068
0.0013036764,0.0016024592,weekend,C6,0.6382818207415921
-0.0018224746,0.0011087775,many,C1,0.6638077071081998
-0.005263746,0.001226591,user,C7,0.5236616613463092
-0.0010402695,6.2738596e-05,hour,C1,0.6209770252698722
-0.00068291125,0.0054235714,late,C4,0.6361334963876089
0.0027092777,0.0030952364,come,C4,0.5017350082452762
-0.0028022912,0.0066579836,sunday,C7,0.5333312092783073
0.004170928,0.0033009574,morning,C3,0.6060328986379118
0.00075400557,0.00034630593,false,C6,0.62562763072909
0.0008245848,0.0022868568,alarm,C6,0.5839545158739734
-0.0036287308,-0.0020126025,circle,C8,0.5889928837618487
-0.0040283026,0.0025123223,probably,C7,0.5412971831746621
0.0014937477,-0.00032424566,ever,C6,0.6611277217563021
-0.002240942,-0.0009112851,circles,C1,0.6257150798125171
0.013399279,0.0046504033,social,C3,0.594662397457649
0.0018994171,-0.0042163515,line,C2,0.5131813991253709
0.0029939425,0.003617367,store,C4,0.5370551605044643
0.0018847923,-0.0027277933,insane,C2,0.5370657216804021
0.0025787582,-0.00445076,attending,C2,0.5842746002683047
0.0053230864,-0.0013390344,design,C2,0.5569510752183588
0.0031967757,-0.0049776947,headache,C2,0.6090247394345136
-0.004498691,-4.350016e-05,boooo,C8,0.5128562950359054
-0.0014215711,-0.0036473947,flipboard,C5,0.6446878720703805
-0.0017481457,-3.4150503e-06,developing,C1,0.6574875863962361
0.0041690916,-0.0027164891,version,C2,0.6444617808440509
0.003794139,0.0014253603,android,C3,0.5306386060222128
0.0015633093,0.0043043005,say,C4,0.6374120251156024
0.0034190048,-0.0023412376,doe,C2,0.6041251283749373
4.9548788e-05,-0.0033385982,provide,C5,0.6357751324583265
-0.003212638,0.0017025198,charger,C1,0.6087369365893027
0.0018068745,-0.0007718474,changed,C6,0.6566530791859415
-0.0026293152,-0.007987813,mind,C5,0.6067191436195086
-0.0070597744,0.0033391644,going,C7,0.6352295004437707
0.0047563436,0.0009836291,next,C3,0.6081091561402814
0.0045788176,-0.0012837921,know,C2,0.567052857795553
0.0064787227,0.0046491036,dataviz,C3,0.614285032700043
0.0001434477,0.0004897854,translates,C6,0.5503954926126414
-0.003175888,-0.0014611313,satanic,C8,0.5030948026167906
0.006999615,0.0038182705,sayin,C3,0.6445892227011845
-0.0001765734,-0.0053675543,seriously,C5,0.6578971423264761
0.002199519,-0.0030790586,testing,C2,0.5847355723947327
-0.0026582214,-0.002574182,mobile,C8,0.5163412778709082
0.0022488674,-0.002661378,apps,C2,0.5589054395760424
-0.00537035,0.0058109593,constant,C7,0.6495399636102691
0.001149931,0.00708199,crash,C4,0.6642510626670883
0.0040389188,-0.0015557944,causing,C2,0.5674127965267216
-0.0024158866,-0.0010750769,lost,C1,0.6048540065155339
0.008147972,0.0007439203,schedule,C3,0.6261194701199476
-0.004987936,0.004998532,sync,C7,0.6488701552353671
0.0024434482,0.004630328,conflagration,C4,0.6305270569000353
0.0013695516,-0.004525874,doofusness,C5,0.5651580137843245
-0.0013705652,-0.0003477961,spent,C1,0.6348277267418474
0.0077267145,0.0021631948,already,C3,0.6521625462194485
-0.0011418922,0.0025425304,used,C1,0.6101859366693916
-5.4960165e-05,0.0017478445,wait,C1,0.5056108208924082
-0.0049830717,0.001374227,couple,C7,0.5164426609490383
-0.004634204,-0.0054455725,city,C8,0.534088130933239
0.0025238853,0.0017374997,block,C6,0.6134928061465961
-0.005899186,-0.00046967051,seen,C8,0.6201122021468908
0.002317583,0.002250005,wild,C6,0.6019485902191336
0.0019859783,-0.0076203295,people,C5,0.5372822034931877
0.004905723,-0.0055522523,fast,C2,0.6398607998920212
-0.005022954,-0.004321744,still,C8,0.6081992249467709
5.7186e-06,0.0035250136,pic,C4,0.5857287976830636
0.005953226,-0.001878576,terrible,C2,0.5859652180900081
-0.0032700165,0.003674758,botch,C7,0.5718345149322419
-0.0054426566,0.0027710146,timechange,C7,0.618451968190723
0.00030806538,0.00293213,freak,C4,0.5237416014635118
0.00041138093,-0.00388708,flight,C5,0.6350792623759859
-1.0546621e-05,-0.004615802,missed,C5,0.6573265934586334
0.00036457935,-0.0035372765,panel,C5,0.6323252542412869
-0.002433175,-0.002323008,behind,C5,0.49245804801801135
-0.002047331,0.00010206276,bloody,C1,0.6661433140122442
0.0023604399,0.0013337474,mary,C6,0.6412457046069984
0.0027185366,0.0016997292,meant,C6,0.599164270458513
0.0008849892,-0.00015412572,also,C6,0.6348008485014922
-0.00051736354,0.0022990908,wish,C1,0.5677533152460119
-0.0070252507,-0.0050259302,dyac,C8,0.6200981560637375
-0.0058942647,0.0057095075,stupid,C7,0.650299781218918
-0.0029827005,0.007977743,found,C7,0.5217800435325897
-0.00100176,0.0027779716,kyping,C1,0.5819345255162582
0.00015446647,0.004843607,geolocation,C4,0.6560062682804255
-0.001007649,-0.00025461082,releasing,C1,0.612138674526313
0.0061250958,0.007035529,background,C3,0.5078007058374034
-0.0029160932,-0.001699561,patch,C8,0.4972375184745466
-0.0024422223,0.002243995,batterykiller,C1,0.618444707771522
0.006236221,0.0021909638,course,C3,0.6591266991940116
-0.0024735208,-0.0035433462,built,C5,0.5703515471417487
-0.00012961627,-0.0029078587,temp,C5,0.6136768465571029
0.005036256,-0.0009874349,texas,C2,0.5217707999787078
0.00033058415,-0.003499242,understand,C5,0.6335164508593559
-0.008790005,0.003949253,concept,C7,0.6158324817239531
0.0028253396,0.0034801709,corralling,C4,0.5441153537171998
0.0035121718,-0.0073006675,cattle,C2,0.5536538665409056
-0.0038046995,0.0045445752,pickmeupanipad,C7,0.6245399951044084
0.003220792,0.000811203,opening,C6,0.5889729163606944
-0.003303571,-0.000496854,temporary,C1,0.5791810732576343
-0.0059964173,0.001996325,downtown,C7,0.5970257072860711
-0.009448114,0.0037880004,launch,C7,0.5996238717939764
-0.0020506978,0.0029386634,traffic,C1,0.585259542672373
0.0048918556,0.0013219309,mall,C3,0.6252322355162736
-0.0027064208,-0.0077022105,crowded,C5,0.6066057940257777
-0.002769514,-0.009067788,fake,C5,0.5949568698107597
0.0018232957,-0.0017642049,fucking,C6,0.5792646498879959
0.0037068033,-0.0051721735,dongle,C2,0.6245625527632319
0.001162793,-0.0015513019,genius,C6,0.6200224963765517
-4.1865347e-05,-0.0047047934,news,C5,0.65821262699662
-0.0031832969,0.0021717867,last,C1,0.5733460028214158
0.0048046396,0.0028631608,overheard,C3,0.6375753779325259
0.0018980867,0.004342847,interactive,C4,0.6342761147312445
-0.00025296377,-0.0041723363,hate,C5,0.6637799882831752
0.001161728,0.005562541,want,C4,0.6681070807566184
0.004052817,0.0006584125,blackberry,C3,0.5219880772976104
0.00061296794,0.0013763927,back,C6,0.5960085832294563
-0.0020625044,-0.004707217,shocked,C5,0.6353738252239016
0.0001394812,-0.0036886758,cool,C5,0.6461558731646198
-0.0012634648,0.0015849266,technology,C1,0.63634652927146
0.0015019155,0.0012521415,heard,C6,0.6546420730120687
-0.0018569424,0.0010991545,conference,C1,0.6647196850976311
-0.0019960185,-0.003303068,second,C5,0.5997746131500282
-0.0026906633,0.0034056026,halfway,C7,0.5062783376635756
-0.0046501174,0.0031456903,battery,C7,0.6124991138287297
0.0046397485,0.0023075466,even,C3,0.6301288634368216
2.5321542e-05,-0.00024767965,boarded,C6,0.5364017338560486
-0.0061193584,0.0013274895,plane,C7,0.535619719412824
0.0036547212,-0.0033179696,amateurhour,C2,0.6526786501638856
0.0037021255,0.004610375,took,C4,0.534372723184904
0.006214461,-0.0002907956,away,C3,0.589649079700614
0.0035056432,0.003155224,lego,C3,0.5614074797936012
-0.003802835,0.001203077,replaced,C1,0.5970263932783284
0.0049508573,-0.0024450405,recharging,C2,0.641385754783387
0.0035751774,-0.0022828034,might,C2,0.6069471254441156
0.0012078164,-0.0067733806,check,C5,0.5848327966652918
-0.0077173,-0.00048136714,price,C8,0.6173851813634835
0.0031366495,-0.00021288537,crap,C6,0.622482936616308
-0.0017681238,0.0035413,samsung,C1,0.5420442762545281
0.0024631242,0.004312352,show,C4,0.6203808100528734
-0.008048454,0.004042162,process,C7,0.6320135965598783
0.001520707,0.0022990203,poos,C6,0.5952971456682544
-0.003887451,-0.0008462868,idea,C8,0.5222756702762491
0.0024784645,0.0016708502,leaf,C6,0.6199828729754024
-0.0065719527,-0.0017138006,early,C8,0.6576509034451401
-0.004085963,-5.6919785e-06,creative,C1,0.5366350177379278
0.0006143831,-0.0068953265,busy,C5,0.6112168116291499
-0.0012197034,0.0037439836,gamestorming,C4,0.5202532551291614
0.002701866,0.0011150384,trying,C6,0.6265543334642292
0.0007180059,0.0005051851,balance,C6,0.6215546350034509
-8.591408e-05,-0.0026840963,power,C5,0.5929206773651765
0.002619273,-0.000119440134,suck,C6,0.6542324206735177
0.0028577934,-0.0046611507,quick,C2,0.5994669100771349
0.004934919,0.00010613863,airplane,C3,0.5834590917856154
0.0011284273,0.0040579424,mode,C4,0.629458770161651
-0.0028810634,0.0009452739,keep,C1,0.6612833274079706
0.00082509796,-0.00092907983,tweet,C6,0.6189748665064958
-0.0013006408,0.003103307,thanks,C1,0.5639432614639277
-0.00062882935,-0.0044767675,precommerce,C5,0.6722312185312936
0.008518446,0.0036624642,best,C3,0.6402025177076447
0.005965717,-0.010949724,thing,C2,0.5476822849980167
0.004139361,0.0056223734,gave,C4,0.5489076483427204
0.004737858,-0.001223761,money,C2,0.5633761914527479
-0.0011229815,0.0034920417,japan,C4,0.49593825283251414
0.0074437293,-0.00043283915,relief,C3,0.5784576732647183
0.0024360723,0.002147117,bing,C6,0.5988855642999188
0.0064237076,-0.0063936724,bettersearch,C2,0.6300472902149276
0.0027198927,-0.002225066,shot,C2,0.5499640717911845
0.0067680194,-0.0032609252,success,C2,0.624956110381348
-0.0009721984,0.0033071788,structured,C4,0.4834125400789211
0.0013166015,0.0023353384,search,C6,0.5880786948835672
-0.00208856,-0.0024773031,potentially,C5,0.5321371672827772
0.002226331,0.004323365,higher,C4,0.6274511187666607
-0.0037764036,-0.00252462,margin,C8,0.615454046056339
-0.0030730027,0.0027124106,model,C7,0.469601272833276
0.0047328463,0.0035098034,guess,C3,0.6228409805112726
0.006877235,-0.0027578552,pretty,C2,0.6054427022302893
-0.0035953566,0.0012443777,desperate,C1,0.6101167318821359
0.005961571,0.00029414115,give,C3,0.629560619447479
0.0019805317,-0.00047366132,attention,C6,0.6662517018497834
0.0033961134,0.00048759353,shipment,C6,0.5814216228636919
-0.0013867057,-0.0053366483,daily,C5,0.6609097053879787
0.0057999725,-0.00088875834,follow,C3,0.5172741177466134
0.0054646935,0.0031805567,appleatxdt,C3,0.6495581156497328
0.0069668493,-0.0083190445,update,C2,0.5970874706164064
-0.0030873294,0.0056097177,seems,C7,0.5816594122390959
0.0067998297,0.00027237867,find,C3,0.6249180586877641
0.004092448,0.0029106422,secret,C3,0.603967669496624
-0.0029421267,0.009497557,batphone,C7,0.4998323465564386
-0.003246936,0.002668591,barry,C7,0.48208091730268793
-0.004172216,-0.0014298919,diller,C8,0.5944370932471563
0.006637431,0.0008113108,think,C3,0.6462757826106489
-0.0018848955,-0.0012540855,content,C1,0.6193466399133741
-0.0015012792,0.0013004417,nut,C1,0.6514392417653634
0.005262736,0.0021159058,docomo,C3,0.648958931952726
-0.00066599884,0.0005699049,introduced,C1,0.5889118476408634
-0.0015782797,-0.0019034419,came,C1,0.5380575929773749
0.006292933,0.0027945149,jpmobilesummit,C3,0.6583083781529743
-0.003848877,-0.0013798272,jeez,C8,0.5669354007297841
-0.0007391776,0.008341525,guy,C4,0.6014249116468725
0.0023098763,0.0054445346,dunno,C4,0.6477229470435937
-0.0023223106,0.0011413553,gold,C1,0.671547128664389
-0.0028480375,0.0013677527,realize,C1,0.6480783363824758
0.003077234,-0.0030483287,job,C2,0.6294408309979391
-0.006553702,-0.00017759342,aesthetic,C8,0.6175472692375554
-0.0052314727,-0.001603985,better,C8,0.6442103369460133
0.0021177412,0.002701223,stream,C6,0.5484771461640305
-0.002282782,0.00044906116,inane,C1,0.6723245481360682
-0.00037684568,-0.0032990305,surely,C5,0.6439717643808375
-0.003867385,-0.0031976625,southby,C8,0.5991550452663291
0.0006698174,0.0031817548,getting,C4,0.5535031318537356
-0.008429914,0.00045343916,full,C8,0.5545309530345017
0.003655642,0.003934602,underway,C3,0.5118109431313728
-0.0022091025,0.0027453934,tell,C1,0.5926731998810322
0.0028530466,0.00014008995,intermittent,C6,0.6391505855089022
-0.006585639,0.0058347234,brick,C7,0.6474449162246244
-0.0032549414,0.0004647746,length,C1,0.6365282142736022
-0.0005424479,0.00052403664,penalty,C1,0.572212463510207
-0.0002569941,0.0054568583,based,C4,0.6552436691585299
-0.0042656865,-0.00021103391,severity,C8,0.501887502198088
-0.0006289934,3.2189488e-05,breach,C1,0.5776886825112135
0.0016206586,-0.0010157154,webmaster,C6,0.6475174968373445
3.1780088e-05,0.004871994,guideline,C4,0.6534703986139505
0.004996553,-0.00339938,white,C2,0.6618123556520122
0.004195422,0.00029840387,text,C3,0.5207001973138309
-0.00056061894,0.0055499375,qagb,C4,0.6419880249311745
-0.0012685102,-0.00089758437,major,C1,0.6131775407790775
-0.0027933032,0.0012198595,network,C1,0.6562498231175605
-0.0060027665,-0.0037901087,called,C8,0.6484479845405481
0.0016245388,-0.0031797108,possibly,C2,0.5094409617613757
-0.0009782788,0.0016109183,today,C1,0.6176318555275664
0.00017240504,0.0013697826,never,C6,0.5390858734540925
-0.001670783,0.0033502132,beat,C1,0.5577999587766627
0.0007893222,-0.002084748,myspace,C6,0.5420684319951554
0.005040366,-0.0015030635,bout,C2,0.5839881845796911
0.0031943717,0.004143048,donating,C4,0.5551616674299341
-0.0012514436,-0.0010705519,spending,C1,0.6063880165947028
-0.003048391,0.0003410453,really,C1,0.6444217415031983
0.0036462285,0.0030916315,feeling,C3,0.572605876393293
0.00054893765,0.0013970911,worst,C6,0.588702705617282
-0.0010813127,-0.0030196654,place,C5,0.6192801258982721
-0.0063778358,-0.0037313001,everyone,C8,0.6523742799726284
-0.0064483783,0.005480174,techiesunite,C7,0.6492783556960658
-0.0030736814,-0.0010636979,thought,C1,0.5501868743558034
-0.002027338,0.0015370938,would,C1,0.6631930019520619
-0.0051305825,-0.0037125766,touched,C8,0.6354022559514463
0.002543134,-0.002884636,hmmzies,C2,0.595570659080251
-0.005617248,0.004708777,interested,C7,0.6507094350784022
0.0020625058,0.001178053,location,C6,0.6597296059445809
0.00043201586,0.0039622323,tech,C4,0.626327716732193
-0.0044412035,0.0046295365,indoor,C7,0.6405741980984982
-0.0013495313,-0.0026524542,venue,C5,0.5791599147577959
0.00028812332,0.0013697611,business,C6,0.556580632380219
-0.0018961291,-0.005227356,convention,C5,0.645713351932939
0.0037802516,0.0015456883,center,C3,0.5354366836634767
-0.0022675102,-0.0007504591,improve,C1,0.6342063655027186
-0.0024790596,0.0011428572,first,C1,0.6697086109793002
-0.0095234765,-0.0036468366,exist,C8,0.6350106984600429
0.0029142736,-0.0012810263,feel,C6,0.5586275550985945
-0.0019599034,-0.0030507639,like,C5,0.5904487707840252
0.004155592,-0.0022929737,pulling,C2,0.6260499119772416
0.0038567109,-9.729824e-06,antique,C6,0.5423802422098848
-0.008292941,-0.0009851427,everytime,C8,0.6257953237736562
0.00073195953,0.0058105104,shoot,C4,0.6700739459515425
-0.0030766313,0.0034895618,display,C7,0.5464541578025947
0.0010178282,0.0008760067,result,C6,0.6393307055210645
0.0033974857,-0.0030272815,question,C2,0.6389676216580731
0.0009820927,-0.0005898072,later,C6,0.6354932042175641
-0.0048714895,-0.0015807472,osmpw,C8,0.633805591760994
-0.0022091882,0.0006610582,mocking,C1,0.6721856852643446
-0.0016846709,0.0010145067,long,C1,0.6604562343017987
-0.0026330478,-0.0025442692,time,C8,0.5151985751160809
-0.0006466903,0.0032013613,disliking,C4,0.49726278119676287
-0.00089850964,-0.0055202893,twitter,C5,0.669149159244874
-0.00044628154,0.00024947614,auto,C1,0.5547809100680364
-0.0053708167,0.000522935,shortening,C8,0.5417422579397916
-0.0036980233,0.005255204,overheating,C7,0.6249520732411763
-0.00997294,-0.001133927,british,C8,0.5985267033105144
0.0016705892,-0.00084548135,sounding,C6,0.6558755029500765
0.00433653,-0.0007312155,wilting,C2,0.4939131763535566
0.006047337,-0.0018327105,stress,C2,0.5791478247498348
-0.0029882665,-0.0032946628,pixieengine,C5,0.49217689859742275
-0.00461912,0.008230975,future,C7,0.5861419947981092
-0.0040865573,0.0005461495,cnn,C1,0.5754571058531208
0.005560389,0.0013032546,week,C3,0.6455412197740371
-0.0024913435,0.00254653,tough,C1,0.5922493019348279
-0.000508074,-0.0015307681,dwindling,C1,0.5259638366302531
-0.0006165957,-0.0034501927,help,C5,0.6505824639230119
0.0003085376,-0.0039017706,jeebus,C5,0.6408025024499203
-0.00050358335,-0.00367919,correcting,C5,0.6598756423392742
-0.00039983963,0.0030181105,curse,C4,0.4934456278747741
0.0016070292,-0.0011894981,word,C6,0.6369046503023799
0.0032773372,0.004451521,updated,C4,0.5656850433206881
-0.0010673704,0.00032100588,launched,C1,0.6264370820305792
0.00063804764,0.0008684365,soon,C6,0.6096445167850835
9.154547e-05,0.000883471,care,C6,0.5358335753409806
2.9820862e-05,0.00034519917,product,C6,0.5321289548486402
0.0039267577,-0.004354238,exists,C2,0.6532599870256593
0.0008379847,-0.0009248338,imac,C6,0.6199243775867191
0.003335611,-0.0033635912,macbook,C2,0.6467800149419092
0.0042504463,-0.000766674,staring,C2,0.49131328623793785
-0.0034766735,-0.002874687,enough,C8,0.585435593521864
0.0015521997,0.0020006818,read,C6,0.6258939358094254
0.0032616104,0.0015796353,book,C6,0.5417780022984627
0.0022013637,0.001358657,remember,C6,0.6485138448392509
0.0041846335,-0.0037596698,wth,C2,0.6640940161452221
0.002416191,-0.002541051,compiling,C2,0.5600297045000115
-0.0034074564,-0.0028742987,list,C8,0.5795282313414805
-0.00071325677,0.0029347963,taking,C1,0.5433156404068434
-0.0026352236,0.002887235,longer,C1,0.5496000702293683
0.005394641,0.006737809,party,C4,0.5117975734199818
-0.0067104255,-0.0028416086,good,C8,0.6638857304869794
0.0021039117,0.0021689245,musician,C6,0.6127864886664443
0.0019229327,0.0029718291,kicked,C4,0.49580366222644295
0.004433336,0.0020709774,bucket,C3,0.6164314106082055
0.0003848563,-0.004421706,heck,C5,0.6407492326746133
0.0028747169,-0.0077030333,within,C2,0.5127951167722518
-0.0010028833,0.0021754939,walking,C1,0.6101305847174364
-0.00449119,0.001241374,distance,C1,0.5353050920318536
0.0043442147,-0.0028478329,unequipped,C2,0.6504472643461601
-0.002274308,-0.006118112,compared,C5,0.6298981975462473
-0.006597884,-0.00092824077,else,C8,0.6430952114626548
-0.0018453071,0.00242459,dang,C1,0.6310167464619002
-0.00051461597,-3.106197e-05,another,C1,0.5605528572589057
-0.0041017444,-0.003968954,launching,C8,0.5751557971965188
0.00058550993,0.0024343051,anything,C6,0.558586618405939
-0.0008360211,0.0030027295,partying,C1,0.5441468252053804
0.001061483,0.0020169453,nothing,C6,0.6123769642826047
0.0030635516,-0.0035386821,teeming,C2,0.6401859942488952
0.0039531034,-0.0016162507,addict,C2,0.5687578825316204
0.000722283,0.002834358,twittering,C4,0.49858085197682855
-0.006326643,0.00050705596,engage,C8,0.5625932075885245
0.0057671703,0.0015080753,anoth,C3,0.6516202696903302
0.0045183147,-0.008243558,cont,C2,0.5661535254308525
-0.0013803551,-0.002113275,trend,C5,0.5019450801241726
0.005730087,-0.0043279068,audience,C2,0.6608500068755486
-0.0044073784,0.0027724672,sharing,C7,0.5847866814563304
-0.00033677253,0.0024797495,opinion,C1,0.5471515659744981
-0.009204415,0.0060136197,holding,C7,0.6265766194797149
-0.00065308344,1.4431261e-05,listen,C1,0.5804772619533881
0.006780716,6.169182e-05,annoying,C3,0.6136248228448308
0.0041009504,-0.0043007797,tomlinson,C2,0.6578786537497391
0.0021097423,0.008084808,observer,C4,0.6399040349305822
-0.0061213397,-0.0039862557,subscription,C8,0.6441321924578475
0.0011287848,0.0055299303,data,C4,0.6681019904071311
0.0031361612,-0.007864889,biggest,C2,0.523926849969831
-0.0014238703,-0.0053640665,impediment,C5,0.6598925640278807
0.0044447593,-0.0017424475,newsapps,C2,0.5991769352301954
-0.0003668302,0.0017839341,open,C1,0.5532231632266077
-0.0003266398,-0.0033557215,shop,C5,0.6456669208994619
-0.0025211202,0.0009992517,spend,C1,0.672210242472245
-0.0023562082,0.00022552517,waiting,C1,0.6702213572946227
-0.0017094257,0.0012499643,packing,C1,0.6594218019158317
0.0023097964,0.006381213,point,C4,0.6488180226147917
0.00095706654,0.004206273,showing,C4,0.6383989226003336
0.0009062855,-0.005601718,fragmentation,C5,0.6104491619017434
0.0011177611,0.0021393723,left,C6,0.6069507626689855
0.0017298922,-0.0037818998,pocket,C2,0.5042328044844248
0.0055644168,0.004402971,guide,C3,0.6062143498815352
0.0095749125,0.0007543731,hotel,C3,0.6041930686698673
0.005734192,0.00375983,cope,C3,0.6383016928115308
0.0024066477,0.003966137,usability,C4,0.6031738959689437
-0.0032874602,-0.00084231317,problem,C1,0.5492005755400378
-0.0009983255,-0.0010187943,living,C1,0.5894625009366181
-0.002468416,-0.0011371054,story,C1,0.5966449343956757
0.003141353,0.00022105989,creating,C6,0.6157721190977937
0.0003425478,0.00296803,change,C4,0.5284809476586633
-0.00049552147,-0.0033041195,interface,C5,0.6448626096359518
0.0022586265,0.0023447545,hacknews,C6,0.594757300157812
-0.0005713332,0.0007350396,brilliant,C1,0.5777030036495401
-0.003443788,0.0048436928,marketer,C7,0.6178072008617107
-0.0029211405,-0.0038927444,medium,C5,0.5433512131206214
0.00042460076,-0.00063756417,professional,C6,0.5894240267921592
-0.000504203,-0.004570684,save,C5,0.6699990672723894
-0.001737614,0.004980963,usguys,C4,0.5466477770247709
0.0029749495,0.0038816547,average,C4,0.5595028001823209
-0.0008437071,-0.0003550752,buzz,C1,0.5944677103729538
-0.0006130418,-0.0014545801,rule,C1,0.5392670355642182
0.0016432012,0.00016416468,ooing,C6,0.6685328772859928
-0.0018237091,-0.0030230002,ahing,C5,0.5995814848793791
0.001326273,-0.00091236434,deal,C6,0.6447434430528913
-0.00025290853,0.0004507937,everybody,C1,0.52336886233653
-0.005030756,-0.0056011896,connect,C8,0.5500162800861806
3.9955617e-06,-0.008406374,internet,C5,0.6066137273130158
0.0003856685,-0.0026880414,though,C5,0.5701393446433664
-0.0010521626,-0.004121643,wifi,C5,0.6651196440956517
0.003035639,0.0038392923,work,C4,0.5502064134415985
0.00062381267,0.00039586556,great,C6,0.6136508204373976
-0.006739428,-0.0056854924,computer,C8,0.5971250967969108
-0.0066752248,-0.0015177357,suggestion,C8,0.6548131265687087
0.0019218987,0.0021430315,site,C6,0.6149424833770049
-0.0033654172,0.00089509867,delicious,C1,0.6400693288043889
-0.0011610043,-0.002748747,often,C5,0.5944234141601777
0.0010894386,0.0013086505,selling,C6,0.6350071450541699
0.00045223275,-0.00029077832,release,C6,0.5957511494181629
-0.008820397,-0.0029418508,lord,C8,0.6433497232651365
-0.005978074,-0.00032539663,vortex,C8,0.6156805937304914
0.002830805,0.00463172,smugness,C4,0.6081430059787871
-0.0023065717,-0.0042095864,unbearable,C5,0.6115074967703071
-0.0008400697,0.001614104,dangerous,C1,0.6063479762641071
-0.00827546,-0.0055736937,went,C8,0.6092254057370275
-0.001361327,-0.00062683545,whole,C1,0.6269490715692837
0.002273005,-0.0024725627,laptop,C2,0.5418639532547582
0.002886342,0.0035697827,cloudapp,C4,0.5449539606463628
0.0052348683,-2.1690143e-05,typing,C3,0.5953457706300361
-0.0022907786,0.004750172,skype,C7,0.5266713548213898
-0.0048499582,-0.007670012,finger,C5,0.5254396729335623
-2.745094e-05,-0.0031786873,carry,C5,0.6289513464354759
-0.002617493,-0.001676301,around,C1,0.5353582585850869
-0.0019673703,0.0032854492,lame,C1,0.5600218704091908
-0.0010419704,0.0048092874,smell,C4,0.6103228150989064
0.0002687852,-0.005596798,hereforwork,C5,0.6414289917154076
-0.0012200822,-0.0014390289,nottheipad,C1,0.5903478796210455
0.00029663224,0.002929697,thank,C4,0.5235669141658738
-0.005705619,-0.0035328367,letting,C8,0.6519292905473448
-0.0015901707,-0.0039164536,test,C5,0.6439086837106854
4.860321e-05,0.0034790633,drive,C4,0.5841244572648606
0.0054150154,-0.0059020673,let,C2,0.6364574692275301
-0.0066238074,-0.00054330827,phone,C8,0.6322914885085119
0.0031920609,0.00019366811,fail,C6,0.6118397754805001
0.0047983797,-0.0038391768,okay,C2,0.6655934042196796
-0.0027277695,-0.0030466549,debuting,C5,0.5076774920025244
-0.0018298444,0.0026879378,futuremf,C1,0.6143209800140472
0.0017061803,-0.0050123814,trajan,C5,0.5366673118396044
-0.0036152948,0.0034482302,destroyed,C7,0.5801778154045896
-0.00045076467,-0.0012370001,title,C1,0.5252607218980468
0.0054038605,-0.00069443666,website,C3,0.5321076321402888
0.0010600918,0.0021891561,graph,C6,0.6005390689493542
-0.0025371106,0.0018926217,protocol,C1,0.6361355253415981
-0.000259381,0.002461403,added,C1,0.5385792387905318
-0.00029920234,0.0035278639,clean,C4,0.5666181026888643
0.0062218653,0.0029233564,instead,C3,0.657487090326875
0.00013198797,-0.0025294845,weve,C5,0.5660746787063393
0.0003446283,0.00054936175,talked,C6,0.5800190344541076
0.0017994572,0.0003150455,heyo,C6,0.6716887858627458
0.0029270097,0.0018297245,ridic,C6,0.5702860196941943
-0.0018417598,0.0012972862,software,C1,0.662525872555648
-0.0032693811,0.002308118,download,C1,0.5522710952527929
-0.0031234955,-0.007237848,luck,C5,0.5943904127388113
-0.0023353915,0.00017916644,wonder,C1,0.6696925404242686
0.0039881645,0.00021138937,mexico,C3,0.48452902555696886
-0.0031729701,-0.0014369114,could,C8,0.49999224092455663
-0.0020968507,-0.00041624994,sorta,C1,0.6568925454946102
0.0043678666,-0.003471713,much,C2,0.6625797111354272
0.0023343058,0.0028119367,dense,C6,0.5341671437453864
-0.001973081,0.0076275733,vuelta,C4,0.5439041043453985
0.0023797879,-0.0024334036,socialfuel,C2,0.5461767026973566
-0.0024156726,-0.0054243985,para,C5,0.6238849935663885
0.0031500228,0.0008637683,gran,C6,0.5947219138795024
-0.00056917284,-0.0051439255,diferencia,C5,0.6683734655575979
0.0036682747,-0.0023784372,revolution,C2,0.6168588578336536
-0.008817668,0.006968866,clumsily,C7,0.6267225344007835
-0.0016559842,3.2789532e-05,translated,C1,0.6549928255173438
0.0026880938,-0.0048049674,edchat,C2,0.5812007788869282
0.004096117,-0.00449629,musedchat,C2,0.6534823372077909
0.0004069256,0.0014828468,classical,C6,0.5696249878740492
0.0023127778,0.0001443625,newtwitter,C6,0.6666277628162041
0.0056621493,0.0019185651,cocky,C3,0.6542926696228746
0.0075865453,0.00050154794,perhaps,C3,0.6258773072107989
-0.0030556915,-0.0023389258,separate,C8,0.562037980863863
-0.006984248,0.00017976419,extra,C8,0.5882685583586489
-0.002901348,-0.004177024,marketing,C5,0.5607301099926896
-0.0015260173,-0.00076740596,disgusted,C1,0.6310911773308356
-0.002316242,-0.0006375344,life,C1,0.6383803485643994
-0.002317531,-1.4308546e-05,strong,C1,0.6647483125825114
-0.0030128201,0.0032170108,overblown,C7,0.5180299723901328
0.002251363,-0.0024831546,announcing,C2,0.5412505911916062
-0.0022273774,-0.0016261293,classiest,C1,0.5732087845780991
-0.0060077175,-0.0025817042,fascist,C8,0.6644578379026599
-0.0019323524,-0.0003024635,company,C1,0.6569563092047592
-0.003556712,-0.00046970186,america,C1,0.5554177473936408
0.0023623488,0.007455643,elegant,C4,0.6410048036052016
0.0006338104,-0.0033736944,rji,C5,0.6109312471648534
0.009185636,0.0033723386,corrupted,C3,0.6356136416697683
0.0037796353,-0.00062685646,crazy,C6,0.560317807145678
0.0033424313,0.0010271828,bergstrom,C6,0.5632615670876854
0.0056271246,0.005496614,midday,C3,0.552617639116799
0.0013412798,-0.00042961625,outlet,C6,0.6548101405666372
-0.00038788767,0.007248425,blocked,C4,0.6300695838125082
0.0043530096,-0.0010649997,immobile,C2,0.5338887729257117
0.003713907,-0.0013744892,booth,C2,0.5249220607887181
0.0010168127,-0.005990871,serf,C5,0.601674653232379
-0.005022098,-0.004477511,purpose,C8,0.6013309769672037
-0.004037921,-0.0018589515,taunt,C8,0.6075886462891041
-0.0015614731,-0.0041763405,novelty,C5,0.6499805105192382
-0.000630164,-0.0024719064,fade,C5,0.578115152927294
-0.0011353575,0.0041605993,among,C4,0.5674363659637147
0.0037367968,-0.0013597442,digital,C2,0.5248959352461026
0.00234848,0.006891558,delegate,C4,0.6454438386675767
-0.006087354,-0.0021199787,xipad,C8,0.6617308720519137
0.0022748937,0.0018285118,true,C6,0.6257124683891222
0.0043971357,-0.00018382187,caring,C3,0.518305740552054
-0.0024794484,-0.0011430297,psych,C1,0.5954120424764799
-0.001206241,-8.074059e-05,shite,C1,0.6306671476633131
0.0013073764,1.3388945e-05,ubersocial,C6,0.6579597050974149
0.005343351,0.0012177025,includes,C3,0.6390821156165188
0.006439258,-0.0026216253,uberguide,C2,0.613240848299795
-0.0022769915,-0.00050720206,sponso,C1,0.6466781091046331
0.0006178199,0.0045754197,started,C4,0.6531720661645984
-0.0053426838,0.002005572,lying,C7,0.5813488189750718
0.00024471444,0.005479117,signal,C4,0.6663638400072764
-0.0038521446,-0.0014387206,strength,C8,0.5715507719476386
0.0006905619,-0.005636586,nexus,C5,0.622358593900945
-0.004321606,0.002109872,useful,C7,0.5295184272573289
-0.00032598776,-0.0020197982,hootsuite,C5,0.5260233972550815
0.001560968,-0.0012663315,tweetdeck,C6,0.6328434165908237
0.0044922377,0.0032017936,paper,C3,0.6247035629217657
0.0034199287,0.0031301798,mean,C3,0.5529965568214037
4.1511903e-05,-0.0014389795,likely,C6,0.5385998370467402
0.0015929445,0.00014698305,useless,C6,0.6673157934964414
-0.003739979,-8.152925e-05,well,C1,0.5685277107632197
-0.0024115175,-0.0036391395,worked,C5,0.5811629036819492
0.00042139445,0.004662919,evil,C4,0.6551896789998533
-0.00046429495,-0.0006439036,tapworthy,C1,0.5403594075967488
0.0052999775,0.0002996285,avoiding,C3,0.6113841388892303
-0.006401509,-0.0024653585,pitfall,C8,0.6641416292594475
-0.0009436924,-0.005039746,challenge,C5,0.6709333430761933
-0.0025632624,0.0018730023,disaster,C1,0.6360368851436965
0.0012908558,-0.00026252176,died,C6,0.6551234255758637
0.0042391224,0.0012300952,middle,C3,0.5759440331384124
-0.003893932,0.0043694326,function,C7,0.624109981292064
-0.0016610987,-0.003763074,heading,C5,0.6369116418052985
0.0010893435,0.002395724,march,C6,0.5762277333400507
0.007943472,-0.0009178739,smackdown,C3,0.5444980039384968
-0.004445969,-0.00020371428,banality,C8,0.5219872610329943
0.0009654248,-0.0017774666,batt,C6,0.5903072370767333
-0.003972266,-0.004541236,shit,C8,0.5303890438006854
0.00095796393,0.0053056283,notevenstartedyet,C4,0.6669522824701439
0.00095203414,-0.0040058563,selfish,C5,0.5974183982267136
0.0027088444,0.002762435,brand,C6,0.5389430627775756
0.0008937425,1.4578245e-05,microsoft,C6,0.6363158917286807
0.005119623,0.0003242055,served,C3,0.6039735119572726
-0.0001650619,-0.0016460158,talk,C6,0.5144579736885855
-0.006993544,0.0021215938,mistake,C7,0.5882066903826318
0.0022528847,-0.00035624203,building,C6,0.6638414664153514
0.0018713605,-0.00579257,netflix,C5,0.5339390884038886
0.00018984819,-0.00034191448,cwebb,C6,0.5622766255012527
-0.0019395776,0.0007075325,grant,C1,0.6679217590024649
-0.0006141281,-0.0005984184,hill,C1,0.5618809929098535
0.006874217,-7.986324e-05,take,C3,0.6043470312326666
0.004405764,0.0033196402,tablet,C3,0.6181709200244224
0.0014104142,-0.0064371303,call,C5,0.5745917858782073
0.0048357476,0.00055745395,brain,C3,0.5970036488803578
9.28853e-06,-0.0036446606,apology,C5,0.6504936344793646
-0.0033718892,0.0010144776,randy,C1,0.6353490261363035
-0.002003422,-0.0058452454,popping,C5,0.6406761251013465
0.0027816913,0.0013458945,algorithm,C6,0.6106658294467954
0.0041929064,-0.0012821634,skewed,C2,0.5478330128666219
0.0009558322,-0.00059133983,query,C6,0.6339091112152778
0.0013957268,0.0043197526,attendee,C4,0.6400499422462158
0.0049110427,0.0007919244,makeshift,C3,0.6104855271494706
4.686797e-05,-0.0043526273,make,C5,0.6550760412707317
-0.0004944034,0.0095973285,sense,C4,0.5914564466257128
-0.001422488,-0.0012982083,limit,C1,0.6084035220993181
-0.0022109295,0.00211226,specific,C1,0.6372477446968325
-0.00020575672,0.0022246996,platform,C1,0.5322089672251393
0.0057993326,-0.0019521533,interview,C2,0.5965208273453436
0.0036230886,-0.0018663616,kawasaki,C2,0.5745891865795897
0.0016467222,-0.0057312995,believe,C5,0.5546053437550817
0.0029550719,7.955723e-05,explanation,C6,0.6329576631978788
-0.006064991,0.0011847063,continuous,C7,0.5189727570233649
0.004738655,-0.0022938312,survival,C2,0.6346783687315702
-0.0035825733,0.0030587604,groupme,C7,0.5523751857517148
-0.004096149,0.0012762443,approval,C1,0.5679526914127819
0.0016887261,0.00078632555,woe,C6,0.6670269742114711
-0.002256419,-0.0005875529,group,C1,0.6435202145772407
0.00047608642,-0.004346135,agree,C5,0.6355525945221658
-0.0049117375,0.004134292,whowillrise,C7,0.6421268467881592
-0.001514152,-0.0008222385,love,C1,0.6288727377797871
-0.0058093346,-0.004691266,quite,C8,0.6162892540954445
0.0014942067,-0.0042767897,grumbling,C5,0.5442702392216875
0.0016816237,-0.0057834545,feature,C5,0.5519296665226446
9.765036e-06,-0.004077601,meetups,C5,0.655153164293356
0.0033518616,0.0016800371,austin,C3,0.4756751481088859
0.0063335267,0.0015807956,least,C3,0.6560316768595467
0.00123169,-0.0027703778,meetup,C5,0.5253564541197996
0.003064532,0.004276354,virtualwallet,C4,0.575404207460926
-0.001760865,0.00085518026,standardization,C1,0.6633763019843303
0.005223479,0.0040523256,confusion,C3,0.6129244322021948
0.0012591288,-0.00039636687,rear,C6,0.65219686217816
-0.0012926754,0.006122849,facing,C4,0.5961173782159951
0.0013808089,-0.0018632646,camera,C6,0.5901049051476814
0.0011029186,0.00067333184,ipod,C6,0.6468397363469849
-0.0018551034,0.0016526063,hhrs,C1,0.6577780657613785
-0.00083878724,0.0020001263,lonely,C1,0.6012986452426726
0.00055329973,-0.00039537906,planet,C6,0.6053652130152424
0.0019139835,-0.00214826,free,C6,0.5283063420710469
0.0025015431,-0.005947507,cluttering,C2,0.5237066089838347
0.0024151765,-0.0004966794,handset,C6,0.6521795452684668
-0.0020100004,-0.0042617754,failure,C5,0.6309119816105
0.0021014228,0.0011196721,deleting,C6,0.659798677769619
-0.00041564848,-0.00076720974,stop,C1,0.530525817913575
0.0032467314,-0.0012393475,loading,C6,0.5351266075558899
-0.004791484,0.001802184,draining,C7,0.5389808788449144
0.0018541486,0.0045657787,cancel,C4,0.6435189535889103
-0.0029242618,-0.0009262278,project,C1,0.5780547422830246
0.0067059607,0.0034306624,manager,C3,0.6531105866412126
-1.7636418e-06,0.0009356424,nowhammies,C6,0.5178827917412211
-0.0030619414,0.0013563875,betterthingstodo,C1,0.6378886740913361
0.0060647596,0.005820793,queue,C3,0.5542057103078031
-0.0010670193,-0.0040710997,cant,C5,0.6641518851331062
-0.0033984466,0.0012200758,spell,C1,0.6246575717178161
-0.007789181,0.0013919271,checking,C7,0.518752615828943
0.003612806,0.002057404,without,C3,0.5382006638774385
0.0045364643,0.006693908,correct,C4,0.5558629289337882
0.002321208,-0.0012920472,must,C6,0.5989088547412578
0.0036221996,1.8350816e-05,grrr,C6,0.570908406470308
-0.00290443,-0.0011262392,load,C1,0.5613685895032223
0.0019914324,-0.00085007126,feelin,C6,0.6473247828136974
0.0028829745,0.002103232,touch,C6,0.5590149517553529
-0.004686807,0.00108087,charge,C1,0.5309056420072583
-0.0017126979,0.0032888227,every,C1,0.5665410887374192
0.00084852765,-0.0024012583,running,C5,0.4997916309269522
-0.0019216267,-0.0015586929,lowest,C1,0.5922333469897849
-0.00070678786,-0.0027667682,possible,C5,0.6062396985780559
-0.002961687,0.0028073431,screen,C7,0.46916828450412174
0.0048441314,0.011655211,brightness,C4,0.5676462065774264
-0.0016731116,0.0079931915,basic,C4,0.5617985399282948
-0.00088384014,0.0019301928,flash,C1,0.6059963407654617
0.0033118306,-0.0069346917,discussion,C2,0.5529727964154643
-0.008611479,-0.0038839574,relevant,C8,0.6404675559624813
0.0014288739,0.0008885799,asked,C6,0.6585107785871651
0.0018164954,-0.00040136318,mayer,C6,0.6670967674713121
-0.00018323422,-0.005055366,remove,C5,0.6607346904197533
0.0030796127,-0.0009942963,deadly,C6,0.5781351507558014
-0.001478051,0.006584571,route,C4,0.5815236386484649
0.00059222314,-0.0028792538,map,C5,0.5789412379329751
0.00016814425,0.002367884,death,C6,0.5155617188385991
0.00060957007,0.0006705056,valley,C6,0.6096653834971522
-0.0003428655,0.0016637439,branded,C1,0.5496939223543665
0.00097644737,0.0025110922,native,C6,0.5577557345880425
0.0051224064,-0.0013500452,usage,C2,0.5654149954278999
-0.0032401672,-0.0017939241,marissa,C8,0.5422705113464994
-0.0009056526,2.8570355e-05,customer,C1,0.608608270553838
-0.00046046556,0.00015969227,service,C1,0.5556449509398835
0.0040657236,-0.00015568842,quicker,C6,0.5210306665920355
0.0007057949,0.005921619,response,C4,0.6701082211753215
-0.0001742034,0.0014644164,douche,C1,0.5217524064879607
0.003306883,0.00056457624,cake,C6,0.5889139016577734
0.0006797246,0.004362322,amazing,C4,0.6458694120847186
0.0038486659,-0.0026413586,putting,C2,0.6356946110180088
-0.0030913374,0.0031088407,note,C7,0.5148200034806336
0.00043464222,-0.0023232398,sxswgood,C5,0.5188597924747398
0.0032046388,3.715217e-05,quotable,C6,0.613816868714834
-0.0006442729,-0.0024683792,flip,C5,0.577389117185808
0.0031547467,0.00077260303,board,C6,0.5978451732143409
0.0003882903,0.0008493224,somebody,C6,0.5815760120846295
-0.000341153,-0.00975564,write,C5,0.5938560645632786
-0.005528802,-0.005881745,consistently,C8,0.5600986800794434
0.0022258745,0.0008266429,type,C6,0.6615040254955002
0.003346631,-0.0046053897,goddamn,C2,0.6283330814987496
-0.0045411065,0.009141159,jump,C7,0.5648807723917891
0.003970417,0.0035912166,fuck,C3,0.5725310718053728
-0.00497011,-0.0002806924,respect,C8,0.5723299762666424
-0.009485201,0.0063085887,wwsxsw,C7,0.6234815103569213
0.0015487731,-0.00024843746,walk,C6,0.6635137781817241
-0.0091965245,-0.0010083794,lady,C8,0.6090445873908024
-0.0030263483,-0.0011289084,bird,C1,0.5485931873727682
-0.007498887,-0.0010186427,lake,C8,0.6422274867782052
-0.0007871687,0.0035321065,lovely,C4,0.5299573621079726
-0.0031533935,-0.0021769207,travel,C8,0.5611824277681302
8.136522e-05,0.0007633119,trusted,C6,0.5360733312386868
-0.006271284,-0.0055046757,calendar,C8,0.5957754010085241
-0.0013137747,0.0006616029,frankeninterface,C1,0.6449364987423918
0.0027980017,0.004787238,designed,C4,0.6147296435067052
-0.0032417085,-0.0013252946,metaphor,C8,0.4957829929458615
0.0040195477,-0.002257786,us,C2,0.6208003908754719
0.0039532557,0.003684654,enchantment,C3,0.5639790155897382
0.004978054,-0.0018817849,window,C2,0.6165591699911117
-0.0013965984,-0.00434697,voluntarily,C5,0.6579308300635229
-1.5667287e-05,0.000981698,greatest,C6,0.5143548027631336
-0.0019933863,0.0030253252,collection,C1,0.5810565103743509
-0.004935379,0.0043963343,egomaniac,C7,0.6453514072764094
-0.0031258324,-0.0041928873,history,C5,0.5380754772886129
0.00016520657,-0.003630974,haha,C5,0.6441591814730803
0.00034600036,0.0017033692,sell,C6,0.5556149606599232
-0.0036020686,-0.0015290501,dream,C8,0.5561025487398433
-0.0017856391,-0.0012309129,steve,C1,0.6230552895726102
0.0036364633,-0.0017998904,part,C2,0.5687772776148114
0.003699311,-0.0015291998,made,C2,0.5430573089818003
-0.00069418055,0.0024667946,suicidal,C1,0.5814297678035237
0.0027339864,0.0016721183,chinese,C6,0.5991722851296496
0.0002159875,-0.0038790829,vintage,C5,0.6450471725357902
-0.0031087215,-0.0027891851,format,C8,0.5553006494819565
0.00088747975,-0.0032557496,mostly,C5,0.5858783173209214
-0.0035782522,0.0023866233,snarky,C7,0.4843536689499138
-0.008645366,0.0034656075,employee,C7,0.6081025271380681
-0.00077346066,-0.00041448575,day,C1,0.5855274373933841
0.0015615368,0.0073687215,always,C4,0.6567934242667552
-0.00039166884,0.0005582694,important,C1,0.5493049144117179
0.0013555409,0.0009173685,working,C6,0.6554155895452924
-0.003642393,0.0027398788,official,C7,0.5293402562047493
0.0017842704,0.000904439,using,C6,0.6676688578987207
-0.0046957433,0.001764981,photo,C7,0.5288232172802545
0.003269791,-8.953037e-05,look,C6,0.610067050420345
0.00049945933,0.004607428,weird,C4,0.6539114218749503
0.0043913326,0.00094156415,excited,C3,0.5781189223250892
-0.0008810981,0.0028977748,convince,C1,0.5605760371970321
-0.0022669372,0.0016603668,watch,C1,0.6578879884001718
0.0012653536,0.007880874,comedy,C4,0.6536732326845137
-0.004351757,-0.0026236444,crunch,C8,0.639874627925858
-9.113745e-06,-0.0049975403,crippling,C5,0.6560359382088841
0.00052893185,0.0024190235,voice,C6,0.5557983816942226
0.00074582436,0.0013930652,regular,C6,0.6080793525400946
-0.006825986,-0.0012762187,texting,C8,0.6506318149511243
0.0054267854,-0.006160656,expect,C2,0.6307418315906737
-0.0007455696,-0.0017944257,insidious,C1,0.5244273481339448
-0.0064751194,0.003182685,approach,C7,0.6348581312894055
0.0040906807,0.0023149236,disgraceful,C3,0.5967898672798715
-0.0047061387,0.009223592,libraries,C7,0.5674892339350736
0.0027124484,-0.004629002,bldg,C2,0.5895764093127963
-0.0009195604,-0.00023067581,appstore,C1,0.6048238211587132
-0.0016340007,-0.002093669,wholistic,C5,0.48870069244046127
-0.00027624695,-0.0027736786,mktg,C5,0.60790429909749
0.0009395424,0.0033801876,awareness,C4,0.5746342664631174
0.0018590549,-0.0021626996,strategy,C6,0.5307161636304452
0.0030934247,-0.0031910369,adoption,C2,0.6351276465101015
0.005335201,-0.0036355588,rely,C2,0.6620466679711237
-0.0053029894,0.0030126565,composed,C7,0.6238685836121969
-0.00060136284,0.0042857793,acerbic,C4,0.6073955366548891
0.0021219703,4.1132487e-05,cynical,C6,0.6735125267038817
8.3794854e-05,0.0056570563,crashed,C4,0.6644390378058328
-0.0034904205,0.0054179784,dumped,C7,0.61145842471905
0.007824877,-0.0027939458,twitterpower,C2,0.5790215481316459
-0.0014651469,-0.002056898,imthatgood,C5,0.4888718315995793
-0.0026156139,-1.7652834e-05,meet,C1,0.6534116931570415
-0.0042308085,0.0054118778,lover,C7,0.6405755188303204
0.0034522621,0.00012842465,tiff,C6,0.5871261277696623
0.0016484675,-0.0009277379,month,C6,0.6519371521451345
-3.2140838e-06,0.0008878689,disappointingly,C6,0.5184696736469463
0.001976582,-0.00558488,friendly,C5,0.5188695618378919
-0.0019682837,0.0019897632,page,C1,0.6514091885124218
-0.005805412,0.0020780137,rank,C7,0.5974168024022283
0.0026962461,0.008850326,ridiculously,C4,0.6213388619833206
0.002989645,-0.002828603,franken,C2,0.6155042706128856
-0.0035637403,-0.00548868,justin,C5,0.5507749293826745
0.000918653,0.00084478775,timberlake,C6,0.6333196817994692
0.00029690829,-0.0024706165,flaw,C5,0.5491020883496748
0.00251573,0.0014738665,stay,C6,0.6261202491201189
-0.006108272,-0.0055873916,switch,C8,0.5893086538867391
-0.0029370233,0.002063086,ipaddesignheadaches,C1,0.6016429583559234
0.0018170909,-0.00292438,kinda,C2,0.5434915424241741
0.0018005922,-0.006483247,embarrassed,C5,0.5466339550126516
0.004536864,0.0031363592,annoyed,C3,0.6268239562275147
0.0038553525,0.00027371477,forbidden,C6,0.5290486117185125
-0.0031624038,-0.0035767965,spoiled,C5,0.49130009953774173
-0.0052874144,0.002487539,live,C7,0.604045255364867
0.0008828686,-0.0024144342,rocking,C5,0.4992578511621944
-0.0019332556,0.0006325167,world,C1,0.6677146452701306
0.0005181642,0.0034965975,disappointed,C4,0.5906421530378888
-0.0012269624,0.0010060049,overlapping,C1,0.6395994486569463
0.005579434,0.0008895972,example,C3,0.6375971496732427
0.005063549,-0.0024287063,fest,C2,0.6409822846484682
-0.0022490956,0.0063749733,fellow,C4,0.5116482428496407
0.0016363375,-0.0012227694,festgoers,C6,0.6338356838038284
0.0004549018,-0.004819683,film,C5,0.637885496445449
-0.006261054,0.002476977,anybody,C7,0.6176156142492145
0.009189957,0.0010861469,downloaded,C3,0.6182810538616632
-0.0018225124,-0.0072167898,stuck,C5,0.6339050230426857
-0.0059097963,-0.0030932166,downloading,C8,0.6637358459647844
-0.0002728843,0.003670681,startup,C4,0.5818344458263147
-0.0023977144,0.002721182,srsly,C1,0.5833017102109455
0.005062385,-0.0012468109,promo,C2,0.5555009904991591
-0.0056137946,0.00017816685,excludes,C8,0.577518066160898
0.0027829949,-0.00048191557,since,C6,0.6373997402523388
0.0062216907,-0.0013948331,insists,C2,0.5311558429439383
0.0020187118,0.0025259594,disney,C6,0.5720958311685161
-0.0039726696,-0.001647634,autocorrect,C8,0.5935508188661267
-0.00780182,-0.00095903367,tried,C8,0.6345681507737717
0.00037770558,-0.005274347,coworkers,C5,0.6398694252057211
4.9036364e-05,-0.00096814136,visigoth,C6,0.5410003331288432
-0.0008779309,0.0006974159,five,C1,0.6126470849318908
0.0029093947,-0.00365493,game,C2,0.6300312112114683
0.003077834,0.0046117613,try,C4,0.5898956636147141
-0.0022235047,-0.0018751536,notice,C1,0.552065771282823
0.004245871,0.0021936262,prodmktg,C3,0.6063656800553572
-0.00076439825,0.0026577977,term,C1,0.5799116860318171
-0.0016045733,0.00022588174,web,C1,0.6556016152679387
6.1487466e-05,0.00023692223,saatchiny,C6,0.5390023855389616
-0.0033011138,-0.0054856124,leaning,C5,0.5705357826424088
0.0003877939,0.009804199,small,C4,0.6080162139161234
-0.0023839555,0.0009492798,button,C1,0.6732067788334677
0.006299913,0.004064397,uxdes,C3,0.6342147666868493
-0.0009846912,-0.0037031271,compatible,C5,0.6564175455530845
-0.002580372,0.0009916788,maybe,C1,0.6706361323963201
-0.0029412087,-0.002203168,commandeered,C8,0.5439980098992732
0.0009172506,-0.0015599986,setting,C6,0.6090825313582918
-0.004148514,0.00050925044,relinquish,C1,0.567531906384436
0.0031812147,-0.0046783662,ready,C2,0.6183579853233571
-0.0047017615,-6.768169e-05,realized,C8,0.5354346824139405
-0.0018607164,-0.0002967214,shitty,C1,0.6552610241874759
-8.948309e-06,-0.0013542151,charging,C6,0.5329595700793195
-0.006302848,-0.0036394163,several,C8,0.654264437437517
-0.0018497686,-0.005486599,conversation,C5,0.6471306598509681
-0.0021989138,0.00536023,browser,C7,0.4991282315265706
-0.0075478097,0.0034733922,missing,C7,0.6308615355779984
-0.0028965755,-0.0053456766,somehow,C5,0.5957727069040314
0.006259084,-0.0036968417,chrome,C2,0.646971423790489
-0.004360089,0.0058715604,startupbus,C7,0.6346045122469907
-0.0056686075,-0.0012286999,anyone,C8,0.6423767388392307
0.0037249005,0.0022751177,mozilla,C3,0.5607609544610954
-0.0011645519,0.0009671985,crapkit,C1,0.6357690422012579
-0.0041757473,0.007034867,webkit,C7,0.6013619482088248
0.00086008967,-0.00136895,gecko,C6,0.6108399971843399
-0.0024940018,0.0006431065,bandwaggoners,C1,0.6740345672602699
0.0022416722,0.0016203168,cited,C6,0.6367027989342768
-0.0017813585,0.0052099354,opposite,C4,0.5456392685415209
-0.0017669095,0.0033483442,crowdsourcing,C1,0.5629664283724986
0.0039426726,-0.0026265606,proprietary,C2,0.6371701380410216
-0.0023910375,0.0026682261,csuitecsourcing,C1,0.5883345712160286
0.0046472163,0.0056175846,walked,C4,0.5109502641302164
0.0031463976,2.9533074e-05,bahahahaha,C6,0.618923688778557
-0.0013277581,2.7658245e-05,past,C1,0.6399626968230544
0.0018198058,0.0047913212,supposed,C4,0.6505382536134585
0.0021272106,-0.0002735538,downstairs,C6,0.6702652901140287
0.0070067886,0.001929221,cult,C3,0.6566775188918411
0.001171229,-5.5303564e-05,outside,C6,0.6517980728004475
-0.0047792695,0.0046287864,iphones,C7,0.6454627601065649
-0.0017370874,-8.0190075e-05,prefers,C1,0.6558563716264413
-0.0007001828,0.0017867106,hyped,C1,0.5916385759706448
0.0062301806,0.0033906912,bang,C3,0.6535822899142644
0.002839212,-0.0022373411,vega,C2,0.5603704774465638
0.0023041393,-0.0037990785,ces,C2,0.5783983575585911
0.0021098386,0.00695371,hand,C4,0.6507512346001552
-0.0002567533,0.0016751207,warmer,C1,0.5371870374164717
-0.00043129828,0.0002908508,staying,C1,0.5529151215770713
0.0021831994,-0.00051198923,alive,C6,0.6591861378776934
-0.0006674285,-0.0028452666,indie,C5,0.6135219223491107
-0.0012461818,-0.00611255,development,C5,0.6579002750130933
-0.00084222696,-0.004045784,survive,C5,0.6675942460407767
0.0013115093,0.0028388493,kind,C4,0.48542086500292925
0.0022310007,0.00087959087,downer,C6,0.6602059837987386
0.002000869,0.0010596465,coronasdk,C6,0.6648383614052141
0.00207273,0.0023862643,self,C6,0.589728190563372
0.001119091,0.0039924183,downside,C4,0.6255974918638888
0.0012078212,5.1624178e-05,mocked,C6,0.6539838821254493
-0.0020012204,-0.002134224,sabotaged,C5,0.48249895119131686
-0.0021325764,-0.0005138404,youtube,C1,0.651547792314662
-0.00068758684,-0.0007666813,account,C1,0.5663444932590316
-0.0017305455,-0.0011735319,entire,C1,0.626343446164641
0.0017757305,-0.0066901115,online,C5,0.549182276342656
-0.0012052866,0.0019383901,ecosystem,C1,0.6271775371094235
-0.0010614743,0.0019237213,form,C1,0.6188298383604602
-0.0041716592,-0.0031304383,friend,C8,0.6201260512840602
-0.0034114849,-0.0025494986,abandoned,C8,0.5952383848575515
-0.0025482553,-0.0039138435,reality,C5,0.5818483172500237
-0.0021771858,0.001193548,communication,C1,0.6695917889850764
-0.010582346,0.0042016725,stopped,C7,0.587216841382044
-0.0013561986,0.000109192544,happened,C1,0.6427558826094066
0.0006597766,-0.0033019262,taxi,C5,0.6071617305592018
-0.0019286369,0.0026134297,magic,C1,0.6158470867122543
-0.005556429,0.0058920523,cab,C7,0.6495071085063437
-0.0023589237,-0.0056067184,explaining,C5,0.6271585365485731
-0.004322681,-0.0037548481,realistic,C8,0.6008771079063568
0.00041877458,-0.004884168,bot,C5,0.6395899382450265
0.0034096718,-0.00094890845,experiment,C6,0.5566287664212725
0.0031920592,-0.004572276,utter,C2,0.6222069384119275
0.0033177978,-0.00041484804,letter,C6,0.6093850032005538
0.0030128628,0.0033197547,ballroom,C4,0.5076361938175697
-0.003189657,0.00079181354,wrap,C1,0.648574564125179
0.0012548447,-0.00043343578,gamechanger,C6,0.6514829335231417
-0.004377193,0.0018874978,wave,C7,0.5130634909311365
0.004019232,0.0034749324,doubt,C3,0.5846679711625274
-0.0025591603,0.0010144222,apparent,C1,0.6707282754863751
0.0010196678,0.0044322186,nice,C4,0.6475243133235441
-0.00023756857,-0.003585063,stuff,C5,0.6533714588991296
0.0011309407,0.0013713326,removable,C6,0.6358294888561098
0.0019396904,0.0028506867,alwayshavingtoplugin,C4,0.4750061916707268
0.0005655145,-0.0027578205,gsdm,C5,0.5676100327524723
0.0003860541,0.004034101,foursquare,C4,0.6303029873715579
0.0026520153,0.0011937119,gowalla,C6,0.6274475715286618
-0.0047660037,0.0034712546,bruise,C7,0.6262561775063271
-0.0017345062,0.0050545163,panelist,C4,0.5483802901555943
-0.005456567,-0.0011324497,regarded,C8,0.6352671557584212
-0.0047117607,0.0023791133,sustainability,C7,0.5763748451361665
0.001558726,0.00028680376,space,C6,0.6665735548259518
0.0018203479,-0.0059600873,corporate,C5,0.5410101102894175
-6.613405e-05,0.0016816488,reporting,C1,0.5064569589390867
-0.0018566725,0.004087995,transparency,C7,0.4864229488955869
0.0017733825,0.0058679488,evolve,C4,0.6641287230190829
-0.0029610575,-0.002228046,impossible,C8,0.547457301020611
-0.0031667287,0.0019915511,downloads,C1,0.5904556999311117
0.004838621,0.002067926,presentation,C3,0.63605842545028
0.0048248284,0.0033914049,sale,C3,0.6318961877529827
-0.001401033,-0.0016137165,pitch,C1,0.573995521015211
0.004160779,0.001193455,sooo,C3,0.5659243063531021
-0.0026220472,-0.00028735274,ipads,C1,0.6417411588070455
0.00032270487,-0.0037432848,session,C5,0.6380643048627173
0.0029012025,-0.0046235444,amismarternow,C2,0.6037411326645103
-0.002943446,0.008058141,hear,C7,0.5179947918898702
0.005052126,-0.0058175856,awesome,C2,0.6352067058967517
-0.0013004154,-0.0031828298,acknowledge,C5,0.6257548322848848
-0.0004256776,-0.009661868,increase,C5,0.5965740101680068
0.011192545,-0.0053570317,support,C2,0.5672307556742604
-0.004389114,-0.00010592608,incorrect,C8,0.5063577925799436
0.00081216556,-0.0010605354,sxxpress,C6,0.6152323257936136
0.0036004703,0.0051521095,almost,C4,0.57074833099546
0.0010733161,-0.00054925424,exposing,C6,0.6412150095415037
0.00016956827,0.006638427,horrendous,C4,0.6559083211510013
0.0007023056,-0.003207643,aron,C5,0.6012332826379309
0.0017883148,-0.007903337,pilhofer,C5,0.5478229472678079
-0.0015877105,0.0018730292,khoi,C1,0.6456566813867777
0.006586758,0.002067989,vinh,C3,0.6587611071198449
0.0007460442,0.005094493,media,C4,0.6645823927554817
-0.0011597931,-0.00069351954,skip,C1,0.6122541030609285
-0.00090668927,-0.0031121462,barely,C5,0.6289005610326559
0.0020428246,0.0025651332,shrink,C6,0.5670590297364265
0.0025728433,0.0010083512,pollak,C6,0.6390114862794326
-0.00034453266,-0.0012904208,trouble,C1,0.5102839015236573
0.006216034,-0.008216063,sxswbigbrands,C2,0.5939991837828503
0.004846028,0.0028211873,turning,C3,0.6390146718107234
-0.0018488438,-0.0014136025,forgotten,C1,0.6066285214838656
-0.0006751635,-0.0022134683,kicking,C5,0.5437896414857702
-0.0002374905,-0.0028813395,talking,C5,0.6151530065992306
0.003324105,0.0058096093,neither,C4,0.6053050856231825
0.00042679813,-0.0017606927,partial,C6,0.5627592979093822
-0.00035449988,-0.0047612227,fine,C5,0.6664339525967461
0.00060335145,0.0053829434,deciding,C4,0.6678821603418674
0.0022712029,-0.00029859514,ride,C6,0.6655452803290421
-0.0016595384,-0.002420403,hell,C5,0.5398302346462986
0.0048572836,-0.0038190212,sold,C2,0.6653851743479087
-0.00029824782,0.00504072,dinner,C4,0.6476435443313473
-0.00029850547,6.041025e-05,figure,C1,0.5263841839395392
-0.006899137,-0.004700013,navigating,C8,0.62872407934099
0.00084520585,0.007140809,worse,C4,0.6610547932918553
0.00055770477,0.0012707865,face,C6,0.5929214489140714
0.0069861473,-0.0016513095,adpeopleproblems,C2,0.5329902390381027
-0.0003748282,-0.0021419988,mullenweg,C5,0.5424689938477625
0.0021475647,-0.0030555266,admits,C2,0.5798099026763662
0.005395349,9.830857e-06,wordpress,C3,0.6041041372042658
0.00054277334,-0.007238464,honesty,C5,0.6090193735109997
-0.007655934,0.0025939522,glad,C7,0.5993837431338032
0.0040809684,-0.0013301957,faulty,C2,0.5462398274833814
-0.0026278384,0.003847104,dy,C7,0.5382749959394562
-0.006536465,-0.01156937,condense,C5,0.5179946376918219
-0.002192901,-0.005534276,nine,C5,0.6342685384548638
0.00036590223,-0.00014669863,technical,C6,0.5862452280164512
0.0044645118,-0.0034128278,solution,C2,0.6622163327618174
0.0012637202,-0.005252276,community,C5,0.5845707004316344
-0.00073564076,-0.0034748495,human,C5,0.650471253712272
0.0027282978,0.0011586916,dont,C6,0.6229107331856495
-0.0028239342,-0.005242365,behave,C5,0.598884969046609
0.0011194125,0.00072536385,simple,C6,0.6471638913435727
-0.00192405,-0.0051709195,malady,C5,0.6445653800615494
0.004522546,-0.0041383565,elbow,C2,0.6662134160288817
-0.003768975,-0.00092578656,heat,C8,0.5167093545262713
-0.001817406,0.005054891,million,C4,0.5386686539046418
0.0017119803,-0.00032082287,sun,C6,0.666318585774357
-0.004390402,0.00028246618,oldschool,C1,0.5265244620785142
0.0005451882,0.001813292,novideo,C6,0.5761256909581072
0.000580502,-0.00024214051,veryslow,C6,0.6092949110133713
-0.0029297275,0.0009695559,home,C1,0.6586450257637732
0.0015627217,0.005103765,watched,C4,0.6600708605653502
0.005121705,0.002140854,season,C3,0.6457666208638821
0.0008650019,-0.0019414314,guild,C6,0.5658811431061365
0.008341669,-0.00067525695,hijack,C3,0.5604717047980021
0.004502105,-0.007218295,little,C2,0.5896396645258787
0.0049996944,0.0024137292,control,C3,0.6437062355994382
0.0061041936,-0.007863493,reilly,C2,0.5998307851737099
-0.0004761675,0.00035366035,pnid,C1,0.5607257773226778
-0.0012130415,-0.0004636492,room,C1,0.6224268246674975
-0.0038885775,-0.0022872668,nobody,C8,0.6148052570384243
0.0028938465,-0.003692423,raise,C2,0.6283759387090171
0.0027564322,-0.00063352025,packed,C6,0.6291938500724934
0.0030049363,-0.0013701915,socialviewing,C6,0.5395358637541673
0.0031788053,0.0016220188,lunch,C6,0.5508927828894482
-0.0014207828,-0.008229261,cnngrill,C5,0.6290559344400486
4.4718876e-05,0.0007562964,view,C6,0.529581345156179
0.0026467042,0.0026082867,html,C6,0.554135739417833
-0.00040532678,0.00397369,trench,C4,0.5979969795505343
0.0022807727,0.00042285697,painful,C6,0.6655651256100746
0.0033262747,-2.8013606e-06,sleek,C6,0.6033344790235148
0.0057342923,-0.003201264,repair,C2,0.651025639957237
-0.0045704455,-0.0015086251,damage,C8,0.6196664955784684
-0.0035941256,-0.004700966,microformats,C5,0.5153773338495864
0.001135739,-0.0014921159,math,C6,0.6218248452748446
-0.0015453479,-0.008106426,clock,C5,0.6286727895001325
0.00033336956,0.0050126323,ahead,C4,0.6623423677476798
0.0063911737,0.0016836274,miss,C3,0.656974027230921
-0.0011570845,0.0015049177,person,C1,0.6312035526736763
0.0021010942,0.0035250299,popup,C4,0.5711295522350568
0.0028271766,0.0023396797,impression,C6,0.5511491163965788
-0.0012478174,-0.0015651198,lemon,C1,0.5758022726262848
-0.0021630602,0.0015724789,backlight,C1,0.664304687315663
0.0018261307,0.0015439102,bleed,C6,0.6565460246664051
0.0005763195,0.00096858974,thru,C6,0.6015845816186389
-0.00012148772,-0.0064299074,bottom,C5,0.6420839178929243
-0.0002398676,-0.0019267257,beware,C5,0.5064815255915309
0.0018303704,0.0054408503,completely,C4,0.6610211662831553
0.0028998803,-0.004556806,innacurate,C2,0.6058317767329612
0.00417161,0.00099878,hyatt,C3,0.5574285750435459
0.0030736458,-0.001809479,reason,C2,0.5275601635238223
-0.0014785151,0.0013445932,sxswfail,C1,0.6499852283719584
0.0022362396,0.0004360012,facebook,C6,0.6671342416261666
0.0028774478,0.0038947386,monopoly,C4,0.5696920851356326
0.0027979757,0.0040297355,wary,C4,0.5846745646125617
0.0014532908,0.0034028138,kara,C4,0.5692848879638543
-0.0020741806,0.00223762,swisher,C1,0.6348346637400505
-8.7493136e-05,-0.002454419,stylish,C5,0.5689192930145985
0.00025264884,0.0022257995,cashmore,C6,0.5296353285644018
-0.0016557699,-0.0042543816,crushing,C5,0.647469242037312
0.0034085107,0.002396367,endorsement,C3,0.5269447718659502
-0.0016380624,-0.0026096173,checkins,C5,0.5651154044739872
-0.0032605375,-0.003267502,ouch,C8,0.5404802419950743
-0.0002578065,0.008381169,june,C4,0.6162816982958211
0.00083037437,0.00010805419,survived,C6,0.6320206874626468
-0.0022257117,-0.002289407,severe,C5,0.49950109560275596
-0.002478121,0.00021321332,drop,C1,0.6659974852924144
-0.0062762154,-0.00037254952,evade,C8,0.6229776436219182
0.0014434083,-0.005013888,drowning,C5,0.5656081447442366
-0.002440681,-0.0025512243,droid,C5,0.5079109390425387
-0.0033730783,0.0025495852,le,C7,0.4815054458121838
-0.0025452778,0.002576632,total,C1,0.5860572207127888
0.001415599,-0.007605665,tomorrow,C5,0.5677694959334851
-0.0046066106,0.001989513,sigh,C7,0.5414419219183894
-0.0020275891,-0.0043397252,yeah,C5,0.631520758879703
-0.0017462154,0.0029231366,calhoun,C1,0.6004702765091199
0.00044801165,-0.00040487072,real,C6,0.5944306158350687
-0.004887655,0.00012671642,bringing,C8,0.5357652865243137
-7.4939126e-05,-0.0012224745,itunes,C6,0.5244858200976635
-0.003266997,-0.0014564444,ubuntu,C8,0.5136780176736684
-0.0019315577,0.0025701914,desktop,C1,0.6187155426616129
-0.0035817584,0.0058953096,outdid,C7,0.6047299296668222
-0.0017429502,0.00018914216,broken,C1,0.6599352073428878
-0.0033677807,0.007957359,happen,C7,0.5444658484315689
0.0013054835,-0.0045573884,guessing,C5,0.5726241880184977
0.00048998767,0.0011254731,totalitarian,C6,0.5887025995656098
0.003847006,0.0026836633,action,C3,0.5830889645547832
0.00028792347,-0.0012021196,worldwide,C6,0.5678682189169476
-0.002714715,0.001379574,decide,C1,0.6533915026695308
-0.005875293,0.0030673165,ridiculous,C7,0.631414130813331
0.0001600825,0.001389076,someone,C6,0.536656702074948
0.004013227,-0.0023313034,cannot,C2,0.6247441677990568
-0.0018612039,-0.004320885,concert,C5,0.6395334495457334
0.007836046,-0.00044552062,silly,C3,0.5762850908204423
-0.0069596423,-0.001092759,wannabe,C8,0.6468789107965969
0.0008675414,0.0019280115,fanbois,C6,0.6019071256806875
-0.0029115442,0.004120657,acting,C7,0.5729884254119473
0.0053943144,0.0007411928,giggling,C3,0.62901691251957
-0.00024541517,-0.007849469,schoolgirl,C5,0.6212006233000257
-0.0035172289,-0.00038519182,front,C1,0.5671251036504699
-0.004194116,0.0015134843,related,C1,0.5395446135371916
-0.0012208581,0.002465789,verizon,C1,0.6162597193089313
-0.0016167696,0.001464596,bandwidth,C1,0.6537711473144956
0.0030109999,-0.00024095365,issue,C6,0.6317244600049612
-0.0007011335,0.0013788531,tweeted,C1,0.5943619410745506
-0.00038492822,0.002354697,dawdled,C1,0.5533277917344893
-0.00085813476,0.0027415853,wjchat,C1,0.5769451016476028
-0.0036383232,0.0054049334,hack,C7,0.6191004509868828
0.004788313,-0.003172539,skepticism,C2,0.6590823740155596
0.0024572003,-0.005094259,farmer,C2,0.5489697321791263
0.0033578856,0.004153815,smart,C4,0.5387194306036031
-0.005226731,0.0065068793,farm,C7,0.6380496940591724
0.0011855292,0.0020056744,mobilefarm,C6,0.6199108948945511
0.0013450785,0.002089452,xoom,C6,0.6155015064339722
0.00026078234,0.0020659722,emulates,C6,0.5345879958923059
-0.002164568,0.0050361096,mouse,C7,0.502938137133138
0.0045804847,0.0027128092,click,C3,0.6293825285219077
-0.0055310233,0.0021927245,keyboard,C7,0.5968073531787902
-0.0072133145,-0.0011044573,input,C8,0.6460889583098899
-0.0007236282,-0.0020966937,gswsxsw,C5,0.5246341241915352
0.003889832,-0.0005514041,futureoftouch,C6,0.5565313860485547
0.0031356409,-0.0008322863,techie,C6,0.5900877427235701
0.003125821,0.0009105764,moderator,C6,0.5953945872627392
0.002408411,-0.0017623669,europe,C6,0.5384764761346622
-0.007217843,-0.0021496895,roaming,C8,0.6583778726965844
-0.0017251957,0.0009216045,move,C1,0.6621377242774802
-0.0013206708,0.0040120184,replicate,C4,0.5414713210158242
-0.00012652576,-0.0024355303,press,C5,0.5686958164411913
0.00029649536,-0.0062168855,thinking,C5,0.6326952292698544
0.0034413894,-0.0009355775,actually,C6,0.5554615644629768
-0.0008076721,0.002572724,alone,C1,0.5882504194090723
-0.005769025,-0.00075156835,trip,C8,0.6284978735169079
-0.0027983394,-0.006332464,playing,C5,0.6079972158967208
0.0025047911,0.004339165,animation,C4,0.6188580776943599
-0.0012186216,-0.0017714968,interesting,C1,0.5461351932251678
0.003628486,0.003209495,instagram,C3,0.5698790525572328
-0.00032623054,-0.0010086012,moment,C1,0.5125059749012548
0.0003157311,-9.1307535e-05,mister,C6,0.5798922370375701
0.0020499155,-0.0006729859,different,C6,0.6552894990242913
0.0087488135,0.004775039,invited,C3,0.6176568619111009
0.0058298055,-0.00012978999,crashing,C3,0.6014263739862392
-0.00071337586,0.00013825382,join,C1,0.5899244257137067
-0.0014313294,0.00045832587,area,C1,0.6501697473185697
0.0019381676,-0.00091469684,filter,C6,0.6451090232974078
-0.0006558988,0.0011239927,right,C1,0.5896343211479951
0.0019970732,0.0001247643,market,C6,0.674068897614942
0.00070023106,-0.0027612105,head,C5,0.5597909244761715
0.004077023,0.0004862465,slide,C3,0.5150245491987816
-0.0002123755,-0.00064334035,awkward,C1,0.4998293696945885
-0.0010694186,0.001993454,panned,C1,0.6180677690797491
0.002034404,-0.001985415,trumping,C6,0.5396945767483847
-0.003989136,-0.00049399934,rightfully,C8,0.4966739758671897
0.002961809,0.0011867775,netflixiphone,C6,0.6006324888852979
-0.001855504,-0.0027275202,cost,C5,0.571166315823382
-0.0011596981,-0.0011994746,louis,C1,0.5958492141076968
-0.00044367329,0.005619885,vuitton,C4,0.6469548459825987
-0.0020298602,0.0018144761,amble,C1,0.6578936816528678
0.005527965,-0.0021855359,digitalluxury,C2,0.6197327971778195
-0.002503074,-0.00722582,writing,C5,0.6159028090602078
0.00016343764,0.0034113347,proof,C4,0.5835733761170737
-0.00045321666,-0.0038153648,publisher,C5,0.6637089285755873
-0.00036407192,0.002499565,enhancement,C1,0.5499108185568552
-0.0017303197,0.0004524616,david,C1,0.6617893320537663
-0.0054766014,0.0031030688,foster,C7,0.6288656470789198
-0.003106317,0.00021409134,wallace,C1,0.6365377171210737
0.00028265174,-0.0011654682,footnote,C6,0.5677651878873421
-0.0041241,-0.0012286316,irrelevant,C8,0.5781977319542413
-0.0060660527,0.00095298304,crisis,C8,0.508166055466057
0.0011127115,0.006875006,silver,C4,0.665780536531958
0.0009589738,-0.0003089299,logo,C6,0.638156554867984
-0.00018741899,0.004632174,minute,C4,0.640199139410301
-0.0028490012,-0.00090875046,demo,C1,0.5861465193305939
0.00170546,0.0012712587,horrible,C6,0.6600310163212627
-0.002504788,-0.00031796348,pull,C1,0.6459397578975632
-0.00250041,0.0039774785,wasted,C7,0.5379788991130137
-0.004271311,0.0041629127,festivalgenius,C7,0.6306549203996571
0.0017671036,-0.005452847,notsomuch,C5,0.5388988377858389
0.0058137565,0.006233228,rsvp,C3,0.525977432264094
-0.0027953573,-0.003978019,fml,C5,0.5614574881857193
-0.0035736994,0.008543113,step,C7,0.5429226243134744
-0.0036504662,0.0001228149,becoming,C1,0.591257647200402
0.003794759,-0.0033848293,skynet,C2,0.6561881607605036
-0.0015736207,0.0032482217,deadline,C1,0.5636125071977287
0.002548632,-0.001931428,josh,C2,0.49573874867368867
-0.00041676452,-0.006009327,clark,C5,0.6552624110070933
0.0049478314,-0.0009323626,mantra,C2,0.5169368012753669
0.0007075589,-0.0012287217,heart,C6,0.6041761831652526
0.007160452,-0.0038509392,pride,C2,0.6266326444785384
-0.0028482515,-0.0002997399,guilty,C1,0.6283025621972357
-0.005957233,0.0014903644,superbia,C7,0.5560112440498152
0.0015769743,-0.004939457,prize,C5,0.5500917802624871
-0.0085979635,-0.0014980959,handle,C8,0.6332897236616011
0.0025281468,-0.00328992,dear,C2,0.6106991197386822
0.000373229,0.00012057476,sucked,C6,0.586932939866807
0.0038539104,-0.0032504506,double,C2,0.6545672320977531
0.004109564,0.0016815497,buzzing,C3,0.5809779095224457
-0.00096036255,-0.0027613412,across,C5,0.6005223233231514
-0.0014656,0.00070790184,flop,C1,0.6526898719927391
0.0054246057,0.002511872,photobooth,C3,0.6528261774557753
-0.002311099,-0.0068077096,corporation,C5,0.6247650859936192
0.0034846617,-0.0035344716,learn,C2,0.6532326998828335
0.00074512785,-0.0057876273,magazine,C5,0.6183492744889717
-0.0076253084,-0.0020447695,factor,C8,0.6539610561180309
0.0020825742,0.0033247613,pragmatic,C4,0.5472932739643019
-0.0031284657,-0.00083632016,straight,C1,0.5666476924745113
0.001240297,-0.00043573935,forward,C6,0.650849645416167
-0.0035208147,0.007493526,grab,C7,0.5623161203450032
-0.0014148168,-0.005031851,pitchfork,C5,0.6608199297135101
0.0028994752,-0.00305623,rate,C2,0.6227106577647173
-0.0016250694,0.005399583,review,C4,0.5649617439212536
0.0047910283,-0.0021566993,although,C2,0.6291890208448225
0.009233637,-0.005870015,experience,C2,0.6032149042797045
-0.0025278523,-0.00011244982,torturous,C1,0.6536395731146791
-0.0048347283,0.0003390904,rhizome,C8,0.513405479893589
-0.0025668456,-0.004142361,sxswk,C5,0.5896808791766915
-0.0014828218,-0.0052616317,hilton,C5,0.6587290052534782
0.00056363415,-0.00414542,competitor,C5,0.6288075399887488
-0.0025967201,0.0044383886,creeper,C7,0.5677275524888521
0.002483633,-0.0050039766,half,C2,0.5550504498599594
0.0028497472,-3.5421283e-05,preview,C6,0.6410812840352539
-0.0034623016,0.00028592825,shame,C1,0.6154658679155784
-0.0046854517,-0.0038116332,seem,C8,0.6163749173461254
0.0026441533,-0.0015467778,option,C6,0.5472554498913883
0.004710637,-0.0025029394,hoping,C2,0.6423437877398696
-0.0026081058,-0.004833798,bring,C5,0.6059181346919912
0.0002423169,-0.00019130766,someday,C6,0.5698936834056875
0.0069077546,0.008575277,overload,C4,0.5037628450887092
0.0009230458,-0.0036085208,info,C5,0.5916354323485833
0.0071722097,-0.0055997837,delivered,C2,0.6387743823006993
0.00016843429,0.0055896733,kill,C4,0.6656701486089922
0.0013659785,0.00078693265,discovery,C6,0.6575250867827472
0.00046452967,0.002903004,lose,C4,0.5161945553641448
0.0023472116,0.0012949294,curiosity,C6,0.6433139355141528
-0.0062187295,0.003513522,serendipity,C7,0.6404037501604409
0.00094520993,0.00024827872,login,C6,0.6399446922464815
0.001599196,0.0060842806,authorization,C4,0.666068946182037
0.002137176,0.0038114912,error,C4,0.5973705304565065
-0.0017199746,-0.0025652326,latitude,C5,0.556921697676089
-0.00049985625,-0.004524899,concentrate,C5,0.6699642737462459
-0.002765859,-0.0021738783,finally,C8,0.5248686662671683
0.002893435,0.0011322077,introduces,C6,0.6096713082009637
-0.0072622476,-0.0011377803,fair,C8,0.6464198667198907
-0.00043096676,0.0019730285,innovation,C1,0.560879350356622
-4.740145e-05,0.0012017242,key,C1,0.4941226753795814
0.0002725598,0.0040835054,worn,C4,0.6324364065886088
0.0019225748,-0.00014139424,mine,C6,0.6715835316196506
-0.000430301,-0.003324897,disagree,C5,0.6461306883933524
0.0011532165,-0.0009634039,peter,C6,0.6364489206592516
-0.0031302837,0.0006367633,minor,C1,0.6483156421235743
-0.0029787093,0.00034917318,improvement,C1,0.6483641498824886
-0.0043799574,-0.0073992205,worth,C5,0.5416874348597316
-0.0028876304,-0.0013759978,unless,C1,0.5377861149894779
0.0011837791,0.0028630467,burn,C4,0.49259832877533094
-0.005140454,-0.0021105479,nope,C8,0.6523672838642837
-0.002309874,0.0031668704,fresh,C1,0.5478718928351827
0.006656827,-0.001997452,restore,C2,0.5711192117174198
0.002966562,0.0039547733,fave,C4,0.565255519743729
-0.0009940588,0.004977648,dali,C4,0.6154744247917159
-0.0051595825,-0.0028082451,canvas,C8,0.6587553458884639
-0.007212958,0.00038103087,ahhh,C8,0.5703017939950562
0.002051919,-0.001242423,darn,C6,0.6172086568274219
0.002589237,-0.0032642763,according,C2,0.6157090920787228
-0.0074029285,-0.00242207,confirmed,C8,0.6581179386759826
-9.149498e-05,-0.003421045,please,C5,0.6435799406388022
0.007828133,-0.002762232,preferrably,C2,0.577617248247582
0.000110564346,0.0018129691,hashtags,C6,0.518717631856505
0.007470386,-0.0014278286,deficit,C2,0.5001470319011473
-0.0041410495,0.006574691,woman,C7,0.6115019612191565
-5.0769497e-05,-0.0037136117,fessing,C5,0.653952455928309
-0.005147318,-0.0016367626,admitting,C8,0.6431341104153279
0.0006654279,0.0026157785,sitting,C6,0.534051838570106
-0.0020259505,0.0002309602,floor,C1,0.6672100485918293
0.0010116294,0.005447672,fondling,C4,0.6680554981193134
0.0014276281,0.0005908069,disturbing,C6,0.6614988277815232
-0.0023144311,0.0011898981,plancast,C1,0.6710563955841858
0.0077002808,0.0020264338,exported,C3,0.6521497608529514
0.002890585,0.001263291,diego,C6,0.6042619451902344
-0.00033772315,-0.0031782729,pacific,C5,0.6369636176669015
0.009499452,-0.0035707448,shift,C2,0.5648291941079391
0.00020533487,-0.0019300448,central,C6,0.5240629453018926
0.0027098912,-0.0018258459,wack,C2,0.49576347764268625
0.008465192,0.0010454139,corner,C3,0.6293293940709395
0.0015782242,0.002580663,sorry,C6,0.559120402523742
-0.0009762813,-0.00054097857,bereft,C1,0.6021666228670319
-0.0034154868,-0.00060833717,wanderer,C1,0.5579592529776469
-0.0019215504,-0.0040495414,cord,C5,0.6308524377555305
0.0011959749,-0.0027849323,limp,C5,0.5296892929216473
-0.0006221642,0.0028908567,lifeless,C1,0.541664524606129
-0.0003688567,-0.002189155,poetry,C5,0.5490941739501114
-0.0022532654,0.00044022978,panhandling,C1,0.6719942531884396
0.0056966166,-0.0041629383,min,C2,0.6611109008152393
0.0043212534,0.0033466262,extended,C3,0.612288725995908
0.0013735625,-2.3460281e-05,browsing,C6,0.6601720962335638
0.0030938026,0.0025636489,fuckit,C3,0.49283001787371167
-0.005306621,0.0021303394,illmakeitwork,C7,0.587082293605651
-0.0014535914,-0.00049264845,address,C1,0.6354701058551754
0.000872435,-0.0004940437,yeasayer,C6,0.6301574518792219
0.0053258864,0.00011675282,tonight,C3,0.6054766474863863
0.0015045544,-0.006114743,failing,C5,0.5683147739554939
0.0020082495,-0.0017068916,paid,C6,0.5745794143627286
-0.0018376778,0.0016004192,single,C1,0.6582326140685432
0.0003004731,-0.0031920886,said,C5,0.6184746148678014
-0.005708326,-0.004871894,idontbelieve,C8,0.6070762321939346
0.00087841006,0.0056827795,blur,C4,0.6696354424895508
-0.0035341626,-0.0031504738,existent,C8,0.5754922639776312
-0.006807585,-0.0027166063,epic,C8,0.6633025765890234
-0.0034686544,0.00094189204,replacement,C1,0.6325052122071533
-0.005155507,0.006589274,owllove,C7,0.6352421482665556
0.0050216434,-0.003544367,mock,C2,0.6631575018915219
-0.0028985722,0.0028727124,nerd,C7,0.4701451018640819
-0.0062102415,-0.004238234,stand,C8,0.6375880157359892
-0.0023483948,-0.0049601514,remembered,C5,0.623579464580529
-0.0014471988,-0.0024920045,horror,C5,0.5569048355470784
0.0042861807,0.0021958484,movie,C3,0.609207878514564
0.00060006586,0.0023536992,starting,C6,0.5647538357791015
0.004034234,-0.003151065,abacus,C2,0.6548301958605459
-0.005077606,0.0010845681,damn,C7,0.4989180239858891
0.0032062014,0.00017235968,wanted,C6,0.6110166953443321
-0.0013723178,-0.007987654,song,C5,0.6328901865712309
0.0042845225,0.005894813,rail,C4,0.5488528266482963
0.0034066464,-0.009797073,deliver,C2,0.5088234501074798
0.0030220037,0.00073579326,teleporting,C6,0.612358689471275
0.0020765527,-0.0030187229,capability,C2,0.572813837892992
-0.0015785496,0.0067773834,nokia,C4,0.5737007271450905
-0.0015927606,0.0012024938,pushsnowboarding,C1,0.6559604505195717
0.0027248317,-0.0039015876,sillier,C2,0.6124526965511615
-0.0016563477,0.0024570422,watching,C1,0.6342170661002177
-0.006444703,-0.0043980763,record,C8,0.6347969661746662
0.0030254535,-0.0028412198,video,C2,0.6177784671655511
-0.0010896672,0.005048075,agreed,C4,0.6090611025363432
0.00014430321,-0.00058364496,consumerist,C6,0.5551392123913974
-0.0011241382,-0.0029831151,tournament,C5,0.615625364865924
0.008512633,0.00053886394,bracket,C3,0.6140460045710768
-0.0013353241,-0.0009612912,pitted,C1,0.6151442133298268
-0.0037332093,-5.40782e-06,round,C1,0.5748806358454948
-0.0076871626,0.0020003186,fully,C7,0.5666265776866128
0.007862269,0.001963687,anticipate,C3,0.6505255634142334
-0.0009728636,0.006528802,geek,C4,0.6136513820152326
-0.0014249419,0.006842559,toting,C4,0.5841433381875331
0.004822468,-0.0017258313,inventing,C2,0.6067133380675435
0.001768641,-0.0020296331,dislike,C6,0.5531470295884776
-0.004227451,0.0021286327,verpixelungsrecht,C7,0.522978373732439
-0.0023263122,0.0005891509,house,C1,0.6731914176505582
0.005157649,-0.0015390862,pixelated,C2,0.5836709514367394
-0.0041698706,0.0007845151,street,C1,0.5799354912745904
-0.0049671456,-0.0026222554,theft,C8,0.6548092756773618
0.0006508656,-0.0031739792,public,C5,0.6018046945339941
0.004309479,-0.0040795347,grrrr,C2,0.6651228831781739
-0.0036262805,-0.009093702,muting,C5,0.5745002185998337
-0.0025622034,-9.958503e-05,organic,C1,0.6526708469416203
-0.00226518,-0.001629956,unveils,C1,0.5701645848954577
0.0035879337,-0.002865432,broadfeed,C2,0.6382402969107115
0.0021727777,0.001574582,get,C6,0.6420086343085892
-0.0021852404,0.0034833145,door,C7,0.47026987185164226
0.00095497817,-0.00096245506,expensive,C6,0.6263099303977478
0.0033374708,-0.0037479724,plan,C2,0.6483155343041344
-0.00034474343,-0.00049749116,killing,C1,0.524803621011483
-0.0055200327,-0.0006381479,flavor,C8,0.6174533143413687
0.0029359825,0.0023867649,contextual,C6,0.5354211884265746
0.009126857,0.00483722,abroad,C3,0.6151650632340766
0.001625451,0.0010746398,decided,C6,0.6616274283523285
0.0009390594,-0.006081067,salon,C5,0.6054822989924741
0.0012291356,0.0034979417,sprint,C4,0.5835998786259249
-0.0013230195,0.005982132,galaxy,C4,0.5941187191956275
-0.0014381118,-0.0010325252,rejection,C1,0.618381207517651
-0.00022792946,-0.0023626154,count,C5,0.5651915558106052
-0.00043402892,0.000223066,reasonable,C1,0.552435139198928
0.0006561206,0.0010512131,ogilvy,C6,0.6080154199137672
-0.0032847195,0.00041399017,autocorrects,C1,0.6329602992198196
-0.00048394044,0.005349847,idiocy,C4,0.6460562060627963
0.0032549486,0.0014194901,ogilvynotes,C6,0.5527118492919055
-0.0026994601,-0.0023652972,showcase,C8,0.5321962777619053
-0.008999981,0.0015767703,equity,C7,0.5193377204447134
-0.0005915429,0.0023248827,attached,C1,0.5746317814641149
0.0043285885,0.00016419303,cashmere,C3,0.530171463998106
-0.0047408813,0.00035574456,mashable,C8,0.5025872078713135
0.0026759037,0.0061316984,huge,C4,0.6370536137016122
-0.0048870086,0.001083227,team,C7,0.4833877921356581
0.0022216975,0.0035688414,parachute,C4,0.573201232853749
-0.0030499168,0.005737683,andrew,C7,0.5756626842092393
0.00054282276,-0.003062378,equates,C5,0.5981907856141497
0.001403727,0.00019721601,homogeneity,C6,0.6619279724897068
-0.007975482,0.0003481041,predictability,C8,0.5659044757642504
-0.0020792503,0.0005688388,west,C1,0.6702612964946059
0.0007249636,0.0058406107,imaconf,C4,0.6701067980726315
-0.0035839982,0.0012273139,drumbeat,C1,0.6118683711425826
-0.0017168346,-0.005958846,mojo,C5,0.6486619997039083
0.0007315837,-0.0016318742,york,C6,0.5947515486799511
-0.0011770647,0.005137901,guru,C4,0.602993282807872
0.0014203419,0.0030548442,express,C4,0.5207450089237068
0.0029132895,-0.003067847,scepticism,C2,0.6237961988929689
-0.00016377526,0.0007529018,sxflip,C1,0.5096200768632165
0.001366782,-0.001954705,continued,C6,0.5820849239599533
0.004485254,0.0038419303,existence,C3,0.5915295427795283
-0.0045834016,-0.003138871,multiple,C8,0.6375274013475419
-0.0025610905,0.004135559,monetization,C7,0.5519903404986141
-0.0047342246,-0.009423574,cheapen,C5,0.5454015382473951
-0.0049955184,-0.000255906,comments,C8,0.5722683961711477
-0.002833931,-0.0045001595,csr,C5,0.580065759166833
-0.0033549285,-0.0043656835,janecek,C5,0.5224687901278131
-0.0036615187,0.0005073383,charity,C1,0.609945474313961
0.00237799,0.003682437,decision,C4,0.5808905318103977
-0.0045779822,0.001667052,guardian,C7,0.5098247589613079
-0.004449718,0.0016916774,everything,C7,0.5001364059270724
0.0013692304,-0.004377086,except,C5,0.5620287757574476
0.0054512043,-0.0032101967,rumor,C2,0.6567952578134055
0.0026986706,-0.00015704072,mill,C6,0.6502718710242691
-0.0013983041,0.0022598747,slightly,C1,0.6296320982869941
0.0057043876,-1.2182478e-05,thinner,C3,0.6102275640874812
-0.004964308,-0.007719355,rare,C5,0.5215180230124924
0.004934695,-0.00053252047,earth,C3,0.5401229158768139
0.001259902,-0.0015053917,case,C6,0.6231651416840506
0.0012619118,0.0018536601,smudgy,C6,0.6287741327995058
0.00040008087,0.0039342768,waze,C4,0.6245962643841055
0.0064559374,-0.002359822,duking,C2,0.6002114175208749
-0.004050237,0.0018742415,personalized,C7,0.4783447714191553
0.009617838,-0.006601479,mapping,C2,0.6003988705292305
0.00047168197,0.0017145355,standard,C6,0.5708845486965194
-0.003448587,-0.00024635883,navigation,C1,0.5849134243079572
0.0007465959,0.0010601379,tool,C6,0.6160904339098634
0.0010703113,-9.039263e-05,diabetes,C6,0.6465049273907233
0.00022663343,-0.0023190323,plate,C5,0.5328962018769327
0.003717346,0.007884443,covered,C4,0.6007938711583617
-0.003627772,-0.0068135373,donate,C5,0.5706359455802542
0.00036666213,-0.0053013857,tsunami,C5,0.6401628141068616
-0.0014457938,-0.005004703,victim,C5,0.6599758475893155
0.005890223,-0.00079778326,apparently,C3,0.531697279045784
-0.0007682248,-0.000118728734,preference,C1,0.591647881314473
-0.0027312534,0.0010951968,seenocreepy,C1,0.6627534488604966
0.0048917085,0.0010801387,amen,C3,0.6187653609068708
-0.0021643208,-0.00012645805,wknd,C1,0.6646681143393951
-0.00525997,-0.001318087,brought,C8,0.6366515814777025
-0.0033423202,-0.0022295478,rerouted,C8,0.5790340851800285
0.0035247188,0.00089081883,image,C6,0.5448270168601864
0.00386321,0.0018289608,jcpenney,C3,0.5598900964194355
0.0016315674,-0.004723778,macys,C5,0.5387713474080585
0.0030764258,0.0029893122,trashy,C3,0.5121588072599876
-0.0024499039,-0.0007056851,restraunts,C1,0.6279670393351553
-0.0026784798,0.006578779,comment,C7,0.5242049182219009
0.0061584488,0.0031807553,uosxsw,C3,0.6553804808659405
0.003700881,0.0013958617,deliciously,C3,0.5143535677717487
-0.0019249277,0.00022047461,ironic,C1,0.6650597889052849
-0.0006004671,0.010029098,privacy,C4,0.5830965294090867
0.006150044,-0.00047231704,banking,C3,0.572537358703889
-0.0036910677,0.006720861,cartel,C7,0.5894287866079858
0.00317211,-0.00026079643,military,C6,0.6200978380442853
-0.005150664,0.0029175596,scientific,C7,0.617778524951973
0.0018044645,0.003506693,dictatorship,C4,0.574872172071319
0.0010653356,-0.003955917,takeover,C5,0.5855940491731414
-0.0044696364,-0.004201055,rant,C8,0.5872513259886427
-0.00477922,-0.005184038,consumer,C8,0.5558342990188979
0.0010069263,0.0017381783,basically,C6,0.6179324435709175
-0.00026010172,-0.005614745,report,C5,0.6571938089496469
-0.0014029476,0.007378905,unveil,C4,0.5816925780405662
-0.0051687183,0.0060848743,angrybirds,C7,0.6459847995029054
0.0038106719,0.0011920895,julian,C3,0.5186347730620996
-0.00054287177,0.004261543,screamed,C4,0.6089948764455175
-0.0045497715,0.004380564,zone,C7,0.6398983464083319
0.0027873279,0.0023100742,pigfucker,C6,0.5573271482332075
0.0006094059,-0.0028368721,threw,C5,0.5736269800568465
0.00025892322,-0.007426287,fodder,C5,0.615388466364024
0.0053035384,0.004776667,snubor,C3,0.5768363400586781
0.008505559,0.0026724904,forget,C3,0.6444608111667136
-0.0030989398,0.0014602207,gain,C1,0.6306349515174374
0.0045284885,0.00013389006,traction,C3,0.5508875542473254
-0.003643344,0.0005668741,struggle,C1,0.6137191604108637
-0.002026319,-0.0050394856,toast,C5,0.6398956739215946
0.0028997306,0.007525504,start,C4,0.6267987206905652
0.0018982879,0.0014367206,hotpot,C6,0.6578028075945228
0.0030193357,-0.0031364618,restaurant,C2,0.6306630448730789
-0.0039417283,-0.003425408,recos,C8,0.5929458019672208
-0.0025305597,-0.00047361726,yelp,C1,0.6369764416337219
-0.0007732667,-0.00051975576,latina,C1,0.5828002057741946
0.0026483522,-0.004228228,porn,C2,0.5973739633610298
-0.0034875674,-0.001873164,latism,C8,0.5705532705493505
-0.006602609,0.008698089,sxswlatam,C7,0.6067081094156908
0.0038078271,-0.0046740854,latinasintech,C2,0.6423759877419365
0.0042360607,0.0019990369,bcet,C3,0.6014797086596009
-0.0029151076,0.003022023,goody,C7,0.48791356010483894
-0.00025329212,-0.004944559,incapable,C5,0.663216056984166
-0.002501389,0.00011930485,disruptive,C1,0.6625533345000971
0.0043045315,0.00023851993,acquired,C3,0.5315565487438982
-0.0017446564,-0.0019855557,leanstartup,C1,0.5306553877353042
0.0011235537,0.0017336435,hipster,C6,0.6252360920602972
-0.006320039,0.0023981226,oversized,C7,0.615456815759694
-0.0002589251,-0.0030491902,earphone,C5,0.6274198690189993
0.0045406786,0.0003903415,pluged,C3,0.5658032491469704
-0.0012587529,0.002731542,happy,C1,0.6002268567288754
0.0028799686,-0.0003451157,loose,C6,0.6402525000577494
0.0012974101,0.0013588684,law,C6,0.6444083754013954
-0.0009619124,0.0036352188,something,C4,0.5281600491825836
0.001032759,0.0052169217,effing,C4,0.6656520477263504
0.008790987,0.0031358583,hubby,C3,0.6404295248876928
0.0052564177,-0.0051923506,towards,C2,0.6506330296240523
-0.0015627937,0.00070969824,wife,C1,0.6567963304862904
-0.0008420784,0.0015590434,number,C1,0.6070387217900464
-0.00077652105,0.00033474926,newest,C1,0.5996467771751363
0.00067261467,0.002546651,unstable,C6,0.5448741669072206
0.0011634383,0.00040308668,nten,C6,0.6517947557149484
0.00038725877,-0.0037055505,raised,C5,0.633928708905429
0.0042383075,-0.0033829238,googled,C2,0.6607625095814421
-0.0073180753,0.0028084833,direction,C7,0.6154312360550765
0.0032482315,0.0012031234,ended,C6,0.5662610255064503
-0.0070712673,0.0011310431,wrong,C7,0.5005565971390934
0.0006960275,-0.0011540299,picture,C6,0.6049970410633341
-0.0016525781,-0.004627039,sightings,C5,0.6518701456237652
0.0022658415,-0.0030504924,source,C2,0.5893236584923667
0.002069812,-0.002939143,code,C2,0.5690697483411186
0.0050600013,0.002598243,journalsim,C3,0.6454384913786215
-0.0026364722,-0.0031477304,democracy,C5,0.5270979337059115
-0.002722007,0.00089120585,informed,C1,0.6684105742408529
0.0062888726,0.004339558,populous,C3,0.6238742535316324
0.0012357448,0.0008655659,focus,C6,0.6511031183889037
0.0025736922,6.2891886e-05,smm,C6,0.6557263937391433
-0.0012097908,-0.0013445843,sound,C1,0.5942430163184146
0.0045171543,-0.007084006,exploiting,C2,0.5934030704819286
0.004388603,-0.0008616453,return,C2,0.5132563089622457
-0.0008127397,0.00093058863,policy,C1,0.6067281394346231
0.0021402147,0.00417636,imacs,C4,0.6217745358673593
0.0030501601,0.004330458,designer,C4,0.5794697081231079
0.0011725791,-0.0042581726,speaks,C5,0.5808671218514797
0.0016575387,0.00075483724,truth,C6,0.6666258617241674
0.0010370122,0.0005808311,staff,C6,0.6439702868925352
-0.005919213,0.0055224933,high,C7,0.6508865436415917
0.0029260837,0.00012591675,facepalmed,C6,0.6343952057189556
0.004219574,0.00233735,longlinesbadux,C3,0.6068156561389542
0.00301891,-0.0041919765,closed,C2,0.6236958625779515
0.005692849,0.00035792965,night,C3,0.6259572206246858
-0.00039099346,0.003073404,cop,C4,0.5025159301496617
-0.00045370247,-0.0027314643,barring,C5,0.6071298091127146
-0.003471736,-0.0037454718,sneaky,C8,0.5307537724786828
-0.0036616363,-0.010356942,usual,C5,0.5692449403958287
0.0012851583,0.0014805985,cartoonishly,C6,0.6407834977581724
-0.0024838243,-0.002329732,large,C8,0.5088734356196717
0.0049799727,0.009791409,cstejas,C4,0.5666210003376028
0.0093473075,-0.0035043103,table,C2,0.5661392550335691
0.00086841075,-0.0022311315,thier,C6,0.5259726112664327
0.00027941837,0.00023324147,lobby,C6,0.5737710927408435
-0.0062896856,8.714363e-05,speller,C8,0.6008544010961145
0.0037178402,-0.0036973804,funny,C2,0.6590515006677659
0.0026992185,-0.0034979174,autocorrected,C2,0.6196699519796808
0.004283954,0.0010189626,fanboys,C3,0.5710082978990453
0.0011923707,-0.0019868738,valid,C6,0.5771198255614596
-9.5816824e-05,-0.0063089086,waited,C5,0.6433344091943052
-0.0030350257,-0.001762,enjoying,C8,0.5175635828801186
-0.00015229611,0.005831811,mania,C4,0.6565187682050477
0.0026077996,0.0013839969,crapped,C6,0.6232476098109301
-0.00514627,-0.003274671,glow,C8,0.6493630687786782
0.0019848265,0.0014290054,dark,C6,0.6550943286240001
0.0013497027,-0.0047816318,leaked,C5,0.5717035306879793
-0.0010400116,0.0010412389,obviously,C1,0.6266589379089016
0.0009812771,-0.004170649,shell,C5,0.5976325611518822
-0.0048724688,-0.0030679898,visiting,C8,0.6485001372821911
0.0032288413,-0.0002390085,dropped,C6,0.6153759463251827
-0.00050375576,0.003641927,estate,C4,0.5638596225497281
0.00034193968,-0.00044159158,invest,C6,0.5819217677747623
-0.00033327265,0.0023681745,willing,C1,0.5474845546133543
-0.006885701,-0.0010841856,serve,C8,0.6468641513900745
-0.0033600603,0.0019683118,readership,C1,0.5765574033609022
0.0019929293,-0.0034741873,opportunity,C2,0.5520467410977892
-0.0050842506,0.0012016508,ignore,C7,0.5094058911160251
-0.0015055208,-0.00034413944,looking,C1,0.641590339991343
0.0037432709,-0.0005164741,optimized,C6,0.5711287449696779
-0.0036925296,-0.00057254644,client,C1,0.5295032505678225
-0.0033796895,-0.0021920889,ripping,C8,0.5799888022616891
-0.00016713947,0.0019646892,joomla,C1,0.5257411308027627
-0.00028896166,-0.00048772502,available,C1,0.5155633494177791
0.0007169944,-0.0029416285,failed,C5,0.5780494984653473
-0.0006077168,0.0017532972,force,C1,0.5823930794602754
0.0027392448,0.0002796918,choke,C6,0.6444562335708023
0.002215664,0.0030859308,tougher,C4,0.5092914609027127
0.00024550807,0.0007008438,crowd,C6,0.5638941563838012
0.0024133206,-0.00047786164,colin,C6,0.6531841624838256
0.0037140024,0.00490217,quinn,C4,0.5502858919743081
-0.0014510626,0.006851093,charged,C4,0.5823571114523421
0.0012351777,0.001276232,crappy,C6,0.6434672566653636
0.0007174704,0.004136461,sleep,C4,0.6357724419157245
-0.0059910915,-0.003343202,crazyfest,C8,0.6592125692038893
-0.0024839477,0.0032954365,idiot,C7,0.4761798008074298
0.00021803036,3.237186e-05,smcomedyfyeah,C6,0.5659561025909974
0.0045361044,0.0060782316,weight,C4,0.5387159482661554
-0.0045697303,0.0074678776,clearly,C7,0.6026424570764239
0.0022397097,0.0025800285,daylight,C6,0.5663628363957143
-0.0016708239,-0.0065192655,saving,C5,0.644788963677041
0.005016877,-0.0023564794,whoop,C2,0.6384743824707888
-0.0009263319,-0.0006758084,ughhh,C1,0.5938111390386545
0.0013173833,-0.0007797787,domain,C6,0.6473948433751466
0.0034894985,0.0016206541,rain,C3,0.49397295785601353
-0.0031714765,0.0010043649,orlando,C1,0.6464873167893611
-0.0021605396,-0.0039738514,attended,C5,0.6142579302989319
-0.0020085464,-0.0009987489,preso,C1,0.6303258796466579
0.0046161804,-0.0004672614,simply,C3,0.5270788162322028
0.002138187,-0.005126737,felt,C2,0.5118013817508026
-0.0029772664,8.508051e-05,hash,C1,0.6389537020656039
0.0010129445,0.0022529205,nerdiest,C6,0.5923603833632612
-0.00088845624,-0.0049254047,tmsxsw,C5,0.6720771029862177
0.00090667413,-0.0014083962,lining,C6,0.6125514015032295
0.0009003288,0.0033615907,headed,C4,0.5729844474165813
0.003644196,0.0006640714,class,C6,0.5396867043886306
-0.00475732,7.8992285e-05,assume,C8,0.5282007662885979
0.0031947203,-0.00039228157,ditch,C6,0.6190579217602771
-0.0022055046,-0.0047756056,previous,C5,0.6289900153742976
0.00033949106,-0.0016703237,nutter,C6,0.565644760628951
0.0018541621,0.002452196,ipading,C6,0.5801907301930955
-0.0041471883,-0.006569749,techno,C5,0.5386241206630381
0.0059947986,0.00019121253,mecca,C3,0.6249677211984144
0.003270308,0.0037034363,distract,C4,0.5114753501402863
0.004644322,-0.00080906204,pub,C2,0.5092637653831797
0.0038121457,-0.0011481049,focusing,C2,0.5028950660354924
0.00017933315,-0.0032873226,reader,C5,0.6288523097534728
0.00014064374,-0.0012537905,delivering,C6,0.5511814169863682
-0.0013812236,0.00050953246,way,C1,0.6479756655084978
0.0038376611,-0.0018160673,frustrating,C2,0.5815722718791313
0.0021190278,0.0013807212,zeldman,C6,0.6514322789289283
-0.0062770923,-0.0017943628,zelda,C8,0.6585804582000896
0.0028175062,-0.00033806355,jzsxsw,C6,0.6436536318606345
-0.0015121616,-0.0045419065,guykawasaki,C5,0.6560247358107357
-0.0016091515,0.00041159545,lot,C1,0.6574262871505872
-0.0036049923,0.0005515782,message,C1,0.6159913762171678
-0.0045784437,0.0005352947,deck,C1,0.5263100841929927
4.7242513e-05,0.0014180875,rest,C6,0.5169679738607694
-0.0018666041,0.0021116182,prefer,C1,0.6479277968941868
0.00024537568,-0.0053022825,balckberries,C5,0.6450604627061309
-0.00046589095,0.0018020238,andriod,C1,0.5658363760975202
-0.002212452,0.0018425784,device,C1,0.6514197356116251
-0.0066911657,0.0059415433,durable,C7,0.6463907254590979
0.004360137,0.00039190715,anti,C3,0.546956680472174
0.0010028421,0.003234145,repressed,C4,0.555556436266067
0.00084921427,0.0025653609,memory,C6,0.5466232072971564
0.0062432564,-0.0010071959,spinning,C3,0.5137390201749089
0.0038378453,0.0034870552,beach,C3,0.5686932565908771
-0.00022342095,0.00030304326,ball,C1,0.515752473804571
0.0081807235,-0.00038177063,progressbar,C3,0.5780564136741144
-0.0039169737,-0.0012146877,respectfully,C8,0.5598866288256397
-0.0024998228,-0.002208308,ubiquitous,C8,0.5004942739720968
0.0055930414,-0.004443506,turned,C2,0.6617793891245471
-0.0016594614,6.761957e-05,giant,C1,0.6556322728111046
0.0011427837,-0.0030238528,plain,C5,0.5508219410320675
0.0041541387,0.003983498,canada,C3,0.558004649983362
0.004630426,0.0005859173,spontaniety,C3,0.5831982663337248
0.0060404264,0.00526603,gig,C3,0.5787703644366833
0.0015885719,-0.0019609614,shall,C6,0.5711578965848721
0.0014208565,-0.0002503518,position,C6,0.6598336962854264
0.0032912847,0.008718429,china,C4,0.6096758162341815
-0.006460473,-0.0034175243,suicide,C8,0.6593926308641969
0.0062138727,0.0035127227,thisisdare,C3,0.651722008656569
-0.0008576689,0.0019852454,consultation,C1,0.6030627800194439
-0.0008687616,0.008340793,hint,C4,0.5965821700017848
0.000710243,-0.005172917,messed,C5,0.6235279178764511
-0.0065796785,-0.000453048,yonkers,C8,0.62907936863776
0.0018364054,0.00026797166,implement,C6,0.6722915421848792
0.0003595361,-0.0015126327,eventually,C6,0.5701182948980952
-0.0036279957,9.1281196e-05,gmail,C1,0.5913486098924916
0.0047112806,-0.0014183711,synching,C2,0.5828821166946815
-0.004082523,0.0034904862,activate,C7,0.6052383502859527
-0.008419846,0.004445577,cellular,C7,0.6305664402488569
0.0023637912,-0.0034578997,warning,C2,0.5932975760796418
0.0048921173,0.0014196967,complicated,C3,0.6274914781703165
-0.0054163607,0.001292895,cover,C7,0.5373655392023219
-0.002465613,-0.002144469,resetting,C8,0.4913102677139281
-0.0004580741,0.00023864671,cell,C1,0.5564912093349832
-0.00133185,0.002496659,dissapointment,C1,0.620811166433066
-0.0005832689,0.0039440286,sponsored,C4,0.5854615398423351
-0.0040386356,0.0022881043,plus,C7,0.5211138866143905
-0.0004099504,-0.0009746084,opened,C1,0.52529781930948
-0.0074113887,-0.0010174618,yesterday,C8,0.6432609958400992
0.0011835892,0.0042356183,flawless,C4,0.6382763333064108
0.0016206497,-0.0055269264,poor,C5,0.5548039729241219
0.00044004517,0.002075289,planning,C6,0.5565204971942587
0.0030117256,-0.004581411,massive,C2,0.6120975566521619
0.0051426636,-0.0035025787,semi,C2,0.6622181092057464
0.0022771934,0.002476477,parked,C6,0.5796013772447774
-1.9742361e-05,0.0007725873,justsayin,C6,0.5171723657749637
0.0051164874,-0.0062080887,taken,C2,0.6265224537872636
0.0017181482,-0.0017535217,upon,C6,0.5858501254781363
-0.0019204663,0.002151092,clear,C1,0.644493286085683
-0.002930817,-0.0027593244,gonna,C8,0.5372387994434703
-0.0037943968,0.00016020471,anymore,C1,0.5801438031053839
-0.0055761333,0.0019871637,frustration,C7,0.5877144929424186
-0.0012119325,-0.0093366485,glued,C5,0.6123497567030338
0.0026007819,0.001844764,gotten,C6,0.6018914231771764
-0.00086176355,0.005629099,buggy,C4,0.6257031040886367
-0.0022685218,0.0027585572,lately,C1,0.5881466992527192
0.0011364653,-0.0005558245,blame,C6,0.6442351794073881
-0.004652045,-0.0018890878,badge,C8,0.6355243008229565
-0.005050426,0.004135735,food,C7,0.6436890564120572
-0.0013553941,-0.00040245964,drink,C1,0.6326721725258935
-0.002540564,-0.00084163045,unpack,C1,0.6138887137557038
-0.0005877165,-0.005355607,priority,C5,0.6667448956694715
-0.0006030912,-0.0027303363,turn,C5,0.6048121048033244
0.0072787725,-0.0025042954,douchebag,C2,0.5817690091201921
-0.0078049577,0.003372878,object,C7,0.6231533917458946
0.004007518,0.0016374023,installing,C3,0.5686263184687819
-0.0034674327,-0.0009785126,fleet,C8,0.4843178875528362
-7.3610736e-06,0.0021746447,armed,C1,0.5041613089500868
0.003123527,-0.002477176,anyway,C2,0.5994385351899201
-0.002965128,0.0017478518,bored,C1,0.6219520249636499
-0.0035428768,-0.0051101097,popupstore,C5,0.5396398959620964
-0.0022171284,-0.001562991,crack,C1,0.5791558333300935
0.0015652159,0.007241611,facist,C4,0.6581238163140637
0.004282332,0.0050452263,journalist,C4,0.5074780400070731
0.0055002305,-8.497286e-05,pass,C3,0.6025198960027365
0.0017717978,0.004207255,afford,C4,0.6298127006831986
-0.005554431,0.0017259864,anyways,C7,0.5722377378600735
0.0024749152,-0.003286766,perfect,C2,0.606466784880584
-0.000122013575,-0.0041679163,detail,C5,0.660044656197428
-0.0018449761,0.001434798,recreated,C1,0.6608988819478342
-0.006859947,0.0012035312,doodle,C7,0.5111152165392027
-0.00062776037,-0.0035207705,original,C5,0.6533920064702116
-0.0015005757,-0.0036618565,bug,C5,0.6416923661551999
0.0024123522,0.00068493653,included,C6,0.655811208577828
0.0015140158,0.0051743733,googledoodles,C4,0.6616284322764892
-0.000113436785,0.001087718,quickly,C1,0.5048416114887406
-0.003254713,-0.004131098,borrow,C5,0.519703042865359
-0.00022798513,0.008068537,portable,C4,0.6222066621556844
-0.0020981422,0.005183795,rebecca,C7,0.4903638697939327
-0.0021516962,-0.0018274329,black,C1,0.5615744290592862
0.0032942246,0.0025855757,fab,C3,0.5209143711321315
-0.0037182947,0.0014065416,ungrateful,C1,0.5906235212807196
0.00048431242,0.0035696616,play,C4,0.5975289652936067
8.4678315e-05,0.006167904,sure,C4,0.6600899562059086
0.0015128882,-0.004051382,patented,C5,0.5349974963287345
-0.0013230535,-0.0013022601,ranking,C1,0.6027653694402293
-0.0028489318,-0.004337719,protip,C5,0.5727451157903756
0.006333446,-4.7744334e-06,avoid,C3,0.6115379347988275
0.0020412288,0.003499908,friday,C4,0.5695836938992856
0.0001978159,8.6736414e-05,auntie,C6,0.5626509272252168
-0.0057499614,3.3962868e-05,voxpop,C8,0.5913263610321734
0.0027367556,-0.0018934091,popular,C2,0.5085098838527935
0.0019920252,-0.0009513464,goer,C6,0.6410514273516308
-0.0066214665,0.0014551536,hall,C7,0.541581832474918
-0.0033102536,0.0029762608,hilarious,C7,0.5222261021048152
-0.00730636,-0.0027353594,grateful,C8,0.6596723399452114
-0.0024219023,-0.0064804754,bicycle,C5,0.6229542415110164
-0.0021029534,-0.0017689301,cursing,C1,0.5698337632196364
-0.0054217116,-0.0013926199,losing,C8,0.6425596622709782
-0.0063745547,-0.0009849588,zzzs,C8,0.6435068141511348
0.0028735502,0.002387836,sitby,C6,0.5428910374432077
-0.0011188443,0.005535081,include,C4,0.6090711767145964
-0.005113855,-0.007925662,extenders,C5,0.5190845425577745
0.0055090017,0.0024144982,kids,C3,0.6541063357755307
-0.0035962358,0.00297436,the,C7,0.5466261999032525
-0.0008626141,0.0013760915,hmmm,C1,0.6102338430149361
-0.0074794386,-0.0035260874,appear,C8,0.6542241287011531
0.005909497,-0.004010914,signing,C2,0.6583024205613728
-0.002272888,0.0020879803,playstation,C1,0.63625088243163
-0.0015295233,0.0013291846,xbox,C1,0.652276196088098
-0.0023150158,0.0021951387,essentially,C1,0.6278865248481558
