word,x_values,y_values
tweeting,0.0063222037,0.0027852613
rise,-0.0010739013,-0.0016264399
dead,0.003975617,0.0013684938
need,-0.006764146,0.0005140986
upgrade,-0.0025302335,0.0048143696
plugin,-0.0072201067,-0.0074372697
station,-0.003513383,-0.0051116585
hope,-0.0011509941,-9.326907e-05
year,0.0009556628,-0.00037853545
festival,-0.0016973435,-0.0005346167
crashy,-0.003068677,0.0007494917
noticed,-0.0038994069,-0.003072143
coming,-0.0053441375,-0.0022698564
weekend,0.0013036764,0.0016024592
many,-0.0018224746,0.0011087775
user,-0.005263746,0.001226591
hour,-0.0010402695,6.2738596e-05
late,-0.00068291125,0.0054235714
come,0.0027092777,0.0030952364
sunday,-0.0028022912,0.0066579836
morning,0.004170928,0.0033009574
false,0.00075400557,0.00034630593
alarm,0.0008245848,0.0022868568
circle,-0.0036287308,-0.0020126025
probably,-0.0040283026,0.0025123223
ever,0.0014937477,-0.00032424566
circles,-0.002240942,-0.0009112851
social,0.013399279,0.0046504033
line,0.0018994171,-0.0042163515
store,0.0029939425,0.003617367
insane,0.0018847923,-0.0027277933
attending,0.0025787582,-0.00445076
design,0.0053230864,-0.0013390344
headache,0.0031967757,-0.0049776947
boooo,-0.004498691,-4.350016e-05
flipboard,-0.0014215711,-0.0036473947
developing,-0.0017481457,-3.4150503e-06
version,0.0041690916,-0.0027164891
android,0.003794139,0.0014253603
say,0.0015633093,0.0043043005
doe,0.0034190048,-0.0023412376
provide,4.9548788e-05,-0.0033385982
charger,-0.003212638,0.0017025198
changed,0.0018068745,-0.0007718474
mind,-0.0026293152,-0.007987813
going,-0.0070597744,0.0033391644
next,0.0047563436,0.0009836291
know,0.0045788176,-0.0012837921
dataviz,0.0064787227,0.0046491036
translates,0.0001434477,0.0004897854
satanic,-0.003175888,-0.0014611313
sayin,0.006999615,0.0038182705
seriously,-0.0001765734,-0.0053675543
testing,0.002199519,-0.0030790586
mobile,-0.0026582214,-0.002574182
apps,0.0022488674,-0.002661378
constant,-0.00537035,0.0058109593
crash,0.001149931,0.00708199
causing,0.0040389188,-0.0015557944
lost,-0.0024158866,-0.0010750769
schedule,0.008147972,0.0007439203
sync,-0.004987936,0.004998532
conflagration,0.0024434482,0.004630328
doofusness,0.0013695516,-0.004525874
spent,-0.0013705652,-0.0003477961
already,0.0077267145,0.0021631948
used,-0.0011418922,0.0025425304
wait,-5.4960165e-05,0.0017478445
couple,-0.0049830717,0.001374227
city,-0.004634204,-0.0054455725
block,0.0025238853,0.0017374997
seen,-0.005899186,-0.00046967051
wild,0.002317583,0.002250005
people,0.0019859783,-0.0076203295
fast,0.004905723,-0.0055522523
still,-0.005022954,-0.004321744
pic,5.7186e-06,0.0035250136
terrible,0.005953226,-0.001878576
botch,-0.0032700165,0.003674758
timechange,-0.0054426566,0.0027710146
freak,0.00030806538,0.00293213
flight,0.00041138093,-0.00388708
missed,-1.0546621e-05,-0.004615802
panel,0.00036457935,-0.0035372765
behind,-0.002433175,-0.002323008
bloody,-0.002047331,0.00010206276
mary,0.0023604399,0.0013337474
meant,0.0027185366,0.0016997292
also,0.0008849892,-0.00015412572
wish,-0.00051736354,0.0022990908
dyac,-0.0070252507,-0.0050259302
stupid,-0.0058942647,0.0057095075
found,-0.0029827005,0.007977743
kyping,-0.00100176,0.0027779716
geolocation,0.00015446647,0.004843607
releasing,-0.001007649,-0.00025461082
background,0.0061250958,0.007035529
patch,-0.0029160932,-0.001699561
batterykiller,-0.0024422223,0.002243995
course,0.006236221,0.0021909638
built,-0.0024735208,-0.0035433462
temp,-0.00012961627,-0.0029078587
texas,0.005036256,-0.0009874349
understand,0.00033058415,-0.003499242
concept,-0.008790005,0.003949253
corralling,0.0028253396,0.0034801709
cattle,0.0035121718,-0.0073006675
pickmeupanipad,-0.0038046995,0.0045445752
opening,0.003220792,0.000811203
temporary,-0.003303571,-0.000496854
downtown,-0.0059964173,0.001996325
launch,-0.009448114,0.0037880004
traffic,-0.0020506978,0.0029386634
mall,0.0048918556,0.0013219309
crowded,-0.0027064208,-0.0077022105
fake,-0.002769514,-0.009067788
fucking,0.0018232957,-0.0017642049
dongle,0.0037068033,-0.0051721735
genius,0.001162793,-0.0015513019
news,-4.1865347e-05,-0.0047047934
last,-0.0031832969,0.0021717867
overheard,0.0048046396,0.0028631608
interactive,0.0018980867,0.004342847
hate,-0.00025296377,-0.0041723363
want,0.001161728,0.005562541
blackberry,0.004052817,0.0006584125
back,0.00061296794,0.0013763927
shocked,-0.0020625044,-0.004707217
cool,0.0001394812,-0.0036886758
technology,-0.0012634648,0.0015849266
heard,0.0015019155,0.0012521415
conference,-0.0018569424,0.0010991545
second,-0.0019960185,-0.003303068
halfway,-0.0026906633,0.0034056026
battery,-0.0046501174,0.0031456903
even,0.0046397485,0.0023075466
boarded,2.5321542e-05,-0.00024767965
plane,-0.0061193584,0.0013274895
amateurhour,0.0036547212,-0.0033179696
took,0.0037021255,0.004610375
away,0.006214461,-0.0002907956
lego,0.0035056432,0.003155224
replaced,-0.003802835,0.001203077
recharging,0.0049508573,-0.0024450405
might,0.0035751774,-0.0022828034
check,0.0012078164,-0.0067733806
price,-0.0077173,-0.00048136714
crap,0.0031366495,-0.00021288537
samsung,-0.0017681238,0.0035413
show,0.0024631242,0.004312352
process,-0.008048454,0.004042162
poos,0.001520707,0.0022990203
idea,-0.003887451,-0.0008462868
leaf,0.0024784645,0.0016708502
early,-0.0065719527,-0.0017138006
creative,-0.004085963,-5.6919785e-06
busy,0.0006143831,-0.0068953265
gamestorming,-0.0012197034,0.0037439836
trying,0.002701866,0.0011150384
balance,0.0007180059,0.0005051851
power,-8.591408e-05,-0.0026840963
suck,0.002619273,-0.000119440134
quick,0.0028577934,-0.0046611507
airplane,0.004934919,0.00010613863
mode,0.0011284273,0.0040579424
keep,-0.0028810634,0.0009452739
tweet,0.00082509796,-0.00092907983
thanks,-0.0013006408,0.003103307
precommerce,-0.00062882935,-0.0044767675
best,0.008518446,0.0036624642
thing,0.005965717,-0.010949724
gave,0.004139361,0.0056223734
money,0.004737858,-0.001223761
japan,-0.0011229815,0.0034920417
relief,0.0074437293,-0.00043283915
bing,0.0024360723,0.002147117
bettersearch,0.0064237076,-0.0063936724
shot,0.0027198927,-0.002225066
success,0.0067680194,-0.0032609252
structured,-0.0009721984,0.0033071788
search,0.0013166015,0.0023353384
potentially,-0.00208856,-0.0024773031
higher,0.002226331,0.004323365
margin,-0.0037764036,-0.00252462
model,-0.0030730027,0.0027124106
guess,0.0047328463,0.0035098034
pretty,0.006877235,-0.0027578552
desperate,-0.0035953566,0.0012443777
give,0.005961571,0.00029414115
attention,0.0019805317,-0.00047366132
shipment,0.0033961134,0.00048759353
daily,-0.0013867057,-0.0053366483
follow,0.0057999725,-0.00088875834
appleatxdt,0.0054646935,0.0031805567
update,0.0069668493,-0.0083190445
seems,-0.0030873294,0.0056097177
find,0.0067998297,0.00027237867
secret,0.004092448,0.0029106422
batphone,-0.0029421267,0.009497557
barry,-0.003246936,0.002668591
diller,-0.004172216,-0.0014298919
think,0.006637431,0.0008113108
content,-0.0018848955,-0.0012540855
nut,-0.0015012792,0.0013004417
docomo,0.005262736,0.0021159058
introduced,-0.00066599884,0.0005699049
came,-0.0015782797,-0.0019034419
jpmobilesummit,0.006292933,0.0027945149
jeez,-0.003848877,-0.0013798272
guy,-0.0007391776,0.008341525
dunno,0.0023098763,0.0054445346
gold,-0.0023223106,0.0011413553
realize,-0.0028480375,0.0013677527
job,0.003077234,-0.0030483287
aesthetic,-0.006553702,-0.00017759342
better,-0.0052314727,-0.001603985
stream,0.0021177412,0.002701223
inane,-0.002282782,0.00044906116
surely,-0.00037684568,-0.0032990305
southby,-0.003867385,-0.0031976625
getting,0.0006698174,0.0031817548
full,-0.008429914,0.00045343916
underway,0.003655642,0.003934602
tell,-0.0022091025,0.0027453934
intermittent,0.0028530466,0.00014008995
brick,-0.006585639,0.0058347234
length,-0.0032549414,0.0004647746
penalty,-0.0005424479,0.00052403664
based,-0.0002569941,0.0054568583
severity,-0.0042656865,-0.00021103391
breach,-0.0006289934,3.2189488e-05
webmaster,0.0016206586,-0.0010157154
guideline,3.1780088e-05,0.004871994
white,0.004996553,-0.00339938
text,0.004195422,0.00029840387
qagb,-0.00056061894,0.0055499375
major,-0.0012685102,-0.00089758437
network,-0.0027933032,0.0012198595
called,-0.0060027665,-0.0037901087
possibly,0.0016245388,-0.0031797108
today,-0.0009782788,0.0016109183
never,0.00017240504,0.0013697826
beat,-0.001670783,0.0033502132
myspace,0.0007893222,-0.002084748
bout,0.005040366,-0.0015030635
donating,0.0031943717,0.004143048
spending,-0.0012514436,-0.0010705519
really,-0.003048391,0.0003410453
feeling,0.0036462285,0.0030916315
worst,0.00054893765,0.0013970911
place,-0.0010813127,-0.0030196654
everyone,-0.0063778358,-0.0037313001
techiesunite,-0.0064483783,0.005480174
thought,-0.0030736814,-0.0010636979
would,-0.002027338,0.0015370938
touched,-0.0051305825,-0.0037125766
hmmzies,0.002543134,-0.002884636
interested,-0.005617248,0.004708777
location,0.0020625058,0.001178053
tech,0.00043201586,0.0039622323
indoor,-0.0044412035,0.0046295365
venue,-0.0013495313,-0.0026524542
business,0.00028812332,0.0013697611
convention,-0.0018961291,-0.005227356
center,0.0037802516,0.0015456883
improve,-0.0022675102,-0.0007504591
first,-0.0024790596,0.0011428572
exist,-0.0095234765,-0.0036468366
feel,0.0029142736,-0.0012810263
like,-0.0019599034,-0.0030507639
pulling,0.004155592,-0.0022929737
antique,0.0038567109,-9.729824e-06
everytime,-0.008292941,-0.0009851427
shoot,0.00073195953,0.0058105104
display,-0.0030766313,0.0034895618
result,0.0010178282,0.0008760067
question,0.0033974857,-0.0030272815
later,0.0009820927,-0.0005898072
osmpw,-0.0048714895,-0.0015807472
mocking,-0.0022091882,0.0006610582
long,-0.0016846709,0.0010145067
time,-0.0026330478,-0.0025442692
disliking,-0.0006466903,0.0032013613
twitter,-0.00089850964,-0.0055202893
auto,-0.00044628154,0.00024947614
shortening,-0.0053708167,0.000522935
overheating,-0.0036980233,0.005255204
british,-0.00997294,-0.001133927
sounding,0.0016705892,-0.00084548135
wilting,0.00433653,-0.0007312155
stress,0.006047337,-0.0018327105
pixieengine,-0.0029882665,-0.0032946628
future,-0.00461912,0.008230975
cnn,-0.0040865573,0.0005461495
week,0.005560389,0.0013032546
tough,-0.0024913435,0.00254653
dwindling,-0.000508074,-0.0015307681
help,-0.0006165957,-0.0034501927
jeebus,0.0003085376,-0.0039017706
correcting,-0.00050358335,-0.00367919
curse,-0.00039983963,0.0030181105
word,0.0016070292,-0.0011894981
updated,0.0032773372,0.004451521
launched,-0.0010673704,0.00032100588
soon,0.00063804764,0.0008684365
care,9.154547e-05,0.000883471
product,2.9820862e-05,0.00034519917
exists,0.0039267577,-0.004354238
imac,0.0008379847,-0.0009248338
macbook,0.003335611,-0.0033635912
staring,0.0042504463,-0.000766674
enough,-0.0034766735,-0.002874687
read,0.0015521997,0.0020006818
book,0.0032616104,0.0015796353
remember,0.0022013637,0.001358657
wth,0.0041846335,-0.0037596698
compiling,0.002416191,-0.002541051
list,-0.0034074564,-0.0028742987
taking,-0.00071325677,0.0029347963
longer,-0.0026352236,0.002887235
party,0.005394641,0.006737809
good,-0.0067104255,-0.0028416086
musician,0.0021039117,0.0021689245
kicked,0.0019229327,0.0029718291
bucket,0.004433336,0.0020709774
heck,0.0003848563,-0.004421706
within,0.0028747169,-0.0077030333
walking,-0.0010028833,0.0021754939
distance,-0.00449119,0.001241374
unequipped,0.0043442147,-0.0028478329
compared,-0.002274308,-0.006118112
else,-0.006597884,-0.00092824077
dang,-0.0018453071,0.00242459
another,-0.00051461597,-3.106197e-05
launching,-0.0041017444,-0.003968954
anything,0.00058550993,0.0024343051
partying,-0.0008360211,0.0030027295
nothing,0.001061483,0.0020169453
teeming,0.0030635516,-0.0035386821
addict,0.0039531034,-0.0016162507
twittering,0.000722283,0.002834358
engage,-0.006326643,0.00050705596
anoth,0.0057671703,0.0015080753
cont,0.0045183147,-0.008243558
trend,-0.0013803551,-0.002113275
audience,0.005730087,-0.0043279068
sharing,-0.0044073784,0.0027724672
opinion,-0.00033677253,0.0024797495
holding,-0.009204415,0.0060136197
listen,-0.00065308344,1.4431261e-05
annoying,0.006780716,6.169182e-05
tomlinson,0.0041009504,-0.0043007797
observer,0.0021097423,0.008084808
subscription,-0.0061213397,-0.0039862557
data,0.0011287848,0.0055299303
biggest,0.0031361612,-0.007864889
impediment,-0.0014238703,-0.0053640665
newsapps,0.0044447593,-0.0017424475
open,-0.0003668302,0.0017839341
shop,-0.0003266398,-0.0033557215
spend,-0.0025211202,0.0009992517
waiting,-0.0023562082,0.00022552517
packing,-0.0017094257,0.0012499643
point,0.0023097964,0.006381213
showing,0.00095706654,0.004206273
fragmentation,0.0009062855,-0.005601718
left,0.0011177611,0.0021393723
pocket,0.0017298922,-0.0037818998
guide,0.0055644168,0.004402971
hotel,0.0095749125,0.0007543731
cope,0.005734192,0.00375983
usability,0.0024066477,0.003966137
problem,-0.0032874602,-0.00084231317
living,-0.0009983255,-0.0010187943
story,-0.002468416,-0.0011371054
creating,0.003141353,0.00022105989
change,0.0003425478,0.00296803
interface,-0.00049552147,-0.0033041195
hacknews,0.0022586265,0.0023447545
brilliant,-0.0005713332,0.0007350396
marketer,-0.003443788,0.0048436928
medium,-0.0029211405,-0.0038927444
professional,0.00042460076,-0.00063756417
save,-0.000504203,-0.004570684
usguys,-0.001737614,0.004980963
average,0.0029749495,0.0038816547
buzz,-0.0008437071,-0.0003550752
rule,-0.0006130418,-0.0014545801
ooing,0.0016432012,0.00016416468
ahing,-0.0018237091,-0.0030230002
deal,0.001326273,-0.00091236434
everybody,-0.00025290853,0.0004507937
connect,-0.005030756,-0.0056011896
internet,3.9955617e-06,-0.008406374
though,0.0003856685,-0.0026880414
wifi,-0.0010521626,-0.004121643
work,0.003035639,0.0038392923
great,0.00062381267,0.00039586556
computer,-0.006739428,-0.0056854924
suggestion,-0.0066752248,-0.0015177357
site,0.0019218987,0.0021430315
delicious,-0.0033654172,0.00089509867
often,-0.0011610043,-0.002748747
selling,0.0010894386,0.0013086505
release,0.00045223275,-0.00029077832
lord,-0.008820397,-0.0029418508
vortex,-0.005978074,-0.00032539663
smugness,0.002830805,0.00463172
unbearable,-0.0023065717,-0.0042095864
dangerous,-0.0008400697,0.001614104
went,-0.00827546,-0.0055736937
whole,-0.001361327,-0.00062683545
laptop,0.002273005,-0.0024725627
cloudapp,0.002886342,0.0035697827
typing,0.0052348683,-2.1690143e-05
skype,-0.0022907786,0.004750172
finger,-0.0048499582,-0.007670012
carry,-2.745094e-05,-0.0031786873
around,-0.002617493,-0.001676301
lame,-0.0019673703,0.0032854492
smell,-0.0010419704,0.0048092874
hereforwork,0.0002687852,-0.005596798
nottheipad,-0.0012200822,-0.0014390289
thank,0.00029663224,0.002929697
letting,-0.005705619,-0.0035328367
test,-0.0015901707,-0.0039164536
drive,4.860321e-05,0.0034790633
let,0.0054150154,-0.0059020673
phone,-0.0066238074,-0.00054330827
fail,0.0031920609,0.00019366811
okay,0.0047983797,-0.0038391768
debuting,-0.0027277695,-0.0030466549
futuremf,-0.0018298444,0.0026879378
trajan,0.0017061803,-0.0050123814
destroyed,-0.0036152948,0.0034482302
title,-0.00045076467,-0.0012370001
website,0.0054038605,-0.00069443666
graph,0.0010600918,0.0021891561
protocol,-0.0025371106,0.0018926217
added,-0.000259381,0.002461403
clean,-0.00029920234,0.0035278639
instead,0.0062218653,0.0029233564
weve,0.00013198797,-0.0025294845
talked,0.0003446283,0.00054936175
heyo,0.0017994572,0.0003150455
ridic,0.0029270097,0.0018297245
software,-0.0018417598,0.0012972862
download,-0.0032693811,0.002308118
luck,-0.0031234955,-0.007237848
wonder,-0.0023353915,0.00017916644
mexico,0.0039881645,0.00021138937
could,-0.0031729701,-0.0014369114
sorta,-0.0020968507,-0.00041624994
much,0.0043678666,-0.003471713
dense,0.0023343058,0.0028119367
vuelta,-0.001973081,0.0076275733
socialfuel,0.0023797879,-0.0024334036
para,-0.0024156726,-0.0054243985
gran,0.0031500228,0.0008637683
diferencia,-0.00056917284,-0.0051439255
revolution,0.0036682747,-0.0023784372
clumsily,-0.008817668,0.006968866
translated,-0.0016559842,3.2789532e-05
edchat,0.0026880938,-0.0048049674
musedchat,0.004096117,-0.00449629
classical,0.0004069256,0.0014828468
newtwitter,0.0023127778,0.0001443625
cocky,0.0056621493,0.0019185651
perhaps,0.0075865453,0.00050154794
separate,-0.0030556915,-0.0023389258
extra,-0.006984248,0.00017976419
marketing,-0.002901348,-0.004177024
disgusted,-0.0015260173,-0.00076740596
life,-0.002316242,-0.0006375344
strong,-0.002317531,-1.4308546e-05
overblown,-0.0030128201,0.0032170108
announcing,0.002251363,-0.0024831546
classiest,-0.0022273774,-0.0016261293
fascist,-0.0060077175,-0.0025817042
company,-0.0019323524,-0.0003024635
america,-0.003556712,-0.00046970186
elegant,0.0023623488,0.007455643
rji,0.0006338104,-0.0033736944
corrupted,0.009185636,0.0033723386
crazy,0.0037796353,-0.00062685646
bergstrom,0.0033424313,0.0010271828
midday,0.0056271246,0.005496614
outlet,0.0013412798,-0.00042961625
blocked,-0.00038788767,0.007248425
immobile,0.0043530096,-0.0010649997
booth,0.003713907,-0.0013744892
serf,0.0010168127,-0.005990871
purpose,-0.005022098,-0.004477511
taunt,-0.004037921,-0.0018589515
novelty,-0.0015614731,-0.0041763405
fade,-0.000630164,-0.0024719064
among,-0.0011353575,0.0041605993
digital,0.0037367968,-0.0013597442
delegate,0.00234848,0.006891558
xipad,-0.006087354,-0.0021199787
true,0.0022748937,0.0018285118
caring,0.0043971357,-0.00018382187
psych,-0.0024794484,-0.0011430297
shite,-0.001206241,-8.074059e-05
ubersocial,0.0013073764,1.3388945e-05
includes,0.005343351,0.0012177025
uberguide,0.006439258,-0.0026216253
sponso,-0.0022769915,-0.00050720206
started,0.0006178199,0.0045754197
lying,-0.0053426838,0.002005572
signal,0.00024471444,0.005479117
strength,-0.0038521446,-0.0014387206
nexus,0.0006905619,-0.005636586
useful,-0.004321606,0.002109872
hootsuite,-0.00032598776,-0.0020197982
tweetdeck,0.001560968,-0.0012663315
paper,0.0044922377,0.0032017936
mean,0.0034199287,0.0031301798
likely,4.1511903e-05,-0.0014389795
useless,0.0015929445,0.00014698305
well,-0.003739979,-8.152925e-05
worked,-0.0024115175,-0.0036391395
evil,0.00042139445,0.004662919
tapworthy,-0.00046429495,-0.0006439036
avoiding,0.0052999775,0.0002996285
pitfall,-0.006401509,-0.0024653585
challenge,-0.0009436924,-0.005039746
disaster,-0.0025632624,0.0018730023
died,0.0012908558,-0.00026252176
middle,0.0042391224,0.0012300952
function,-0.003893932,0.0043694326
heading,-0.0016610987,-0.003763074
march,0.0010893435,0.002395724
smackdown,0.007943472,-0.0009178739
banality,-0.004445969,-0.00020371428
batt,0.0009654248,-0.0017774666
shit,-0.003972266,-0.004541236
notevenstartedyet,0.00095796393,0.0053056283
selfish,0.00095203414,-0.0040058563
brand,0.0027088444,0.002762435
microsoft,0.0008937425,1.4578245e-05
served,0.005119623,0.0003242055
talk,-0.0001650619,-0.0016460158
mistake,-0.006993544,0.0021215938
building,0.0022528847,-0.00035624203
netflix,0.0018713605,-0.00579257
cwebb,0.00018984819,-0.00034191448
grant,-0.0019395776,0.0007075325
hill,-0.0006141281,-0.0005984184
take,0.006874217,-7.986324e-05
tablet,0.004405764,0.0033196402
call,0.0014104142,-0.0064371303
brain,0.0048357476,0.00055745395
apology,9.28853e-06,-0.0036446606
randy,-0.0033718892,0.0010144776
popping,-0.002003422,-0.0058452454
algorithm,0.0027816913,0.0013458945
skewed,0.0041929064,-0.0012821634
query,0.0009558322,-0.00059133983
attendee,0.0013957268,0.0043197526
makeshift,0.0049110427,0.0007919244
make,4.686797e-05,-0.0043526273
sense,-0.0004944034,0.0095973285
limit,-0.001422488,-0.0012982083
specific,-0.0022109295,0.00211226
platform,-0.00020575672,0.0022246996
interview,0.0057993326,-0.0019521533
kawasaki,0.0036230886,-0.0018663616
believe,0.0016467222,-0.0057312995
explanation,0.0029550719,7.955723e-05
continuous,-0.006064991,0.0011847063
survival,0.004738655,-0.0022938312
groupme,-0.0035825733,0.0030587604
approval,-0.004096149,0.0012762443
woe,0.0016887261,0.00078632555
group,-0.002256419,-0.0005875529
agree,0.00047608642,-0.004346135
whowillrise,-0.0049117375,0.004134292
love,-0.001514152,-0.0008222385
quite,-0.0058093346,-0.004691266
grumbling,0.0014942067,-0.0042767897
feature,0.0016816237,-0.0057834545
meetups,9.765036e-06,-0.004077601
austin,0.0033518616,0.0016800371
least,0.0063335267,0.0015807956
meetup,0.00123169,-0.0027703778
virtualwallet,0.003064532,0.004276354
standardization,-0.001760865,0.00085518026
confusion,0.005223479,0.0040523256
rear,0.0012591288,-0.00039636687
facing,-0.0012926754,0.006122849
camera,0.0013808089,-0.0018632646
ipod,0.0011029186,0.00067333184
hhrs,-0.0018551034,0.0016526063
lonely,-0.00083878724,0.0020001263
planet,0.00055329973,-0.00039537906
free,0.0019139835,-0.00214826
cluttering,0.0025015431,-0.005947507
handset,0.0024151765,-0.0004966794
failure,-0.0020100004,-0.0042617754
deleting,0.0021014228,0.0011196721
stop,-0.00041564848,-0.00076720974
loading,0.0032467314,-0.0012393475
draining,-0.004791484,0.001802184
cancel,0.0018541486,0.0045657787
project,-0.0029242618,-0.0009262278
manager,0.0067059607,0.0034306624
nowhammies,-1.7636418e-06,0.0009356424
betterthingstodo,-0.0030619414,0.0013563875
queue,0.0060647596,0.005820793
cant,-0.0010670193,-0.0040710997
spell,-0.0033984466,0.0012200758
checking,-0.007789181,0.0013919271
without,0.003612806,0.002057404
correct,0.0045364643,0.006693908
must,0.002321208,-0.0012920472
grrr,0.0036221996,1.8350816e-05
load,-0.00290443,-0.0011262392
feelin,0.0019914324,-0.00085007126
touch,0.0028829745,0.002103232
charge,-0.004686807,0.00108087
every,-0.0017126979,0.0032888227
running,0.00084852765,-0.0024012583
lowest,-0.0019216267,-0.0015586929
possible,-0.00070678786,-0.0027667682
screen,-0.002961687,0.0028073431
brightness,0.0048441314,0.011655211
basic,-0.0016731116,0.0079931915
flash,-0.00088384014,0.0019301928
discussion,0.0033118306,-0.0069346917
relevant,-0.008611479,-0.0038839574
asked,0.0014288739,0.0008885799
mayer,0.0018164954,-0.00040136318
remove,-0.00018323422,-0.005055366
deadly,0.0030796127,-0.0009942963
route,-0.001478051,0.006584571
map,0.00059222314,-0.0028792538
death,0.00016814425,0.002367884
valley,0.00060957007,0.0006705056
branded,-0.0003428655,0.0016637439
native,0.00097644737,0.0025110922
usage,0.0051224064,-0.0013500452
marissa,-0.0032401672,-0.0017939241
customer,-0.0009056526,2.8570355e-05
service,-0.00046046556,0.00015969227
quicker,0.0040657236,-0.00015568842
response,0.0007057949,0.005921619
douche,-0.0001742034,0.0014644164
cake,0.003306883,0.00056457624
amazing,0.0006797246,0.004362322
putting,0.0038486659,-0.0026413586
note,-0.0030913374,0.0031088407
sxswgood,0.00043464222,-0.0023232398
quotable,0.0032046388,3.715217e-05
flip,-0.0006442729,-0.0024683792
board,0.0031547467,0.00077260303
somebody,0.0003882903,0.0008493224
write,-0.000341153,-0.00975564
consistently,-0.005528802,-0.005881745
type,0.0022258745,0.0008266429
goddamn,0.003346631,-0.0046053897
jump,-0.0045411065,0.009141159
fuck,0.003970417,0.0035912166
respect,-0.00497011,-0.0002806924
wwsxsw,-0.009485201,0.0063085887
walk,0.0015487731,-0.00024843746
lady,-0.0091965245,-0.0010083794
bird,-0.0030263483,-0.0011289084
lake,-0.007498887,-0.0010186427
lovely,-0.0007871687,0.0035321065
travel,-0.0031533935,-0.0021769207
trusted,8.136522e-05,0.0007633119
calendar,-0.006271284,-0.0055046757
frankeninterface,-0.0013137747,0.0006616029
designed,0.0027980017,0.004787238
metaphor,-0.0032417085,-0.0013252946
us,0.0040195477,-0.002257786
enchantment,0.0039532557,0.003684654
window,0.004978054,-0.0018817849
voluntarily,-0.0013965984,-0.00434697
greatest,-1.5667287e-05,0.000981698
collection,-0.0019933863,0.0030253252
egomaniac,-0.004935379,0.0043963343
history,-0.0031258324,-0.0041928873
haha,0.00016520657,-0.003630974
sell,0.00034600036,0.0017033692
dream,-0.0036020686,-0.0015290501
steve,-0.0017856391,-0.0012309129
part,0.0036364633,-0.0017998904
made,0.003699311,-0.0015291998
suicidal,-0.00069418055,0.0024667946
chinese,0.0027339864,0.0016721183
vintage,0.0002159875,-0.0038790829
format,-0.0031087215,-0.0027891851
mostly,0.00088747975,-0.0032557496
snarky,-0.0035782522,0.0023866233
employee,-0.008645366,0.0034656075
day,-0.00077346066,-0.00041448575
always,0.0015615368,0.0073687215
important,-0.00039166884,0.0005582694
working,0.0013555409,0.0009173685
official,-0.003642393,0.0027398788
using,0.0017842704,0.000904439
photo,-0.0046957433,0.001764981
look,0.003269791,-8.953037e-05
weird,0.00049945933,0.004607428
excited,0.0043913326,0.00094156415
convince,-0.0008810981,0.0028977748
watch,-0.0022669372,0.0016603668
comedy,0.0012653536,0.007880874
crunch,-0.004351757,-0.0026236444
crippling,-9.113745e-06,-0.0049975403
voice,0.00052893185,0.0024190235
regular,0.00074582436,0.0013930652
texting,-0.006825986,-0.0012762187
expect,0.0054267854,-0.006160656
insidious,-0.0007455696,-0.0017944257
approach,-0.0064751194,0.003182685
disgraceful,0.0040906807,0.0023149236
libraries,-0.0047061387,0.009223592
bldg,0.0027124484,-0.004629002
appstore,-0.0009195604,-0.00023067581
wholistic,-0.0016340007,-0.002093669
mktg,-0.00027624695,-0.0027736786
awareness,0.0009395424,0.0033801876
strategy,0.0018590549,-0.0021626996
adoption,0.0030934247,-0.0031910369
rely,0.005335201,-0.0036355588
composed,-0.0053029894,0.0030126565
acerbic,-0.00060136284,0.0042857793
cynical,0.0021219703,4.1132487e-05
crashed,8.3794854e-05,0.0056570563
dumped,-0.0034904205,0.0054179784
twitterpower,0.007824877,-0.0027939458
imthatgood,-0.0014651469,-0.002056898
meet,-0.0026156139,-1.7652834e-05
lover,-0.0042308085,0.0054118778
tiff,0.0034522621,0.00012842465
month,0.0016484675,-0.0009277379
disappointingly,-3.2140838e-06,0.0008878689
friendly,0.001976582,-0.00558488
page,-0.0019682837,0.0019897632
rank,-0.005805412,0.0020780137
ridiculously,0.0026962461,0.008850326
franken,0.002989645,-0.002828603
justin,-0.0035637403,-0.00548868
timberlake,0.000918653,0.00084478775
flaw,0.00029690829,-0.0024706165
stay,0.00251573,0.0014738665
switch,-0.006108272,-0.0055873916
ipaddesignheadaches,-0.0029370233,0.002063086
kinda,0.0018170909,-0.00292438
embarrassed,0.0018005922,-0.006483247
annoyed,0.004536864,0.0031363592
forbidden,0.0038553525,0.00027371477
spoiled,-0.0031624038,-0.0035767965
live,-0.0052874144,0.002487539
rocking,0.0008828686,-0.0024144342
world,-0.0019332556,0.0006325167
disappointed,0.0005181642,0.0034965975
overlapping,-0.0012269624,0.0010060049
example,0.005579434,0.0008895972
fest,0.005063549,-0.0024287063
fellow,-0.0022490956,0.0063749733
festgoers,0.0016363375,-0.0012227694
film,0.0004549018,-0.004819683
anybody,-0.006261054,0.002476977
downloaded,0.009189957,0.0010861469
stuck,-0.0018225124,-0.0072167898
downloading,-0.0059097963,-0.0030932166
startup,-0.0002728843,0.003670681
srsly,-0.0023977144,0.002721182
promo,0.005062385,-0.0012468109
excludes,-0.0056137946,0.00017816685
since,0.0027829949,-0.00048191557
insists,0.0062216907,-0.0013948331
disney,0.0020187118,0.0025259594
autocorrect,-0.0039726696,-0.001647634
tried,-0.00780182,-0.00095903367
coworkers,0.00037770558,-0.005274347
visigoth,4.9036364e-05,-0.00096814136
five,-0.0008779309,0.0006974159
game,0.0029093947,-0.00365493
try,0.003077834,0.0046117613
notice,-0.0022235047,-0.0018751536
prodmktg,0.004245871,0.0021936262
term,-0.00076439825,0.0026577977
web,-0.0016045733,0.00022588174
saatchiny,6.1487466e-05,0.00023692223
leaning,-0.0033011138,-0.0054856124
small,0.0003877939,0.009804199
button,-0.0023839555,0.0009492798
uxdes,0.006299913,0.004064397
compatible,-0.0009846912,-0.0037031271
maybe,-0.002580372,0.0009916788
commandeered,-0.0029412087,-0.002203168
setting,0.0009172506,-0.0015599986
relinquish,-0.004148514,0.00050925044
ready,0.0031812147,-0.0046783662
realized,-0.0047017615,-6.768169e-05
shitty,-0.0018607164,-0.0002967214
charging,-8.948309e-06,-0.0013542151
several,-0.006302848,-0.0036394163
conversation,-0.0018497686,-0.005486599
browser,-0.0021989138,0.00536023
missing,-0.0075478097,0.0034733922
somehow,-0.0028965755,-0.0053456766
chrome,0.006259084,-0.0036968417
startupbus,-0.004360089,0.0058715604
anyone,-0.0056686075,-0.0012286999
mozilla,0.0037249005,0.0022751177
crapkit,-0.0011645519,0.0009671985
webkit,-0.0041757473,0.007034867
gecko,0.00086008967,-0.00136895
bandwaggoners,-0.0024940018,0.0006431065
cited,0.0022416722,0.0016203168
opposite,-0.0017813585,0.0052099354
crowdsourcing,-0.0017669095,0.0033483442
proprietary,0.0039426726,-0.0026265606
csuitecsourcing,-0.0023910375,0.0026682261
walked,0.0046472163,0.0056175846
bahahahaha,0.0031463976,2.9533074e-05
past,-0.0013277581,2.7658245e-05
supposed,0.0018198058,0.0047913212
downstairs,0.0021272106,-0.0002735538
cult,0.0070067886,0.001929221
outside,0.001171229,-5.5303564e-05
iphones,-0.0047792695,0.0046287864
prefers,-0.0017370874,-8.0190075e-05
hyped,-0.0007001828,0.0017867106
bang,0.0062301806,0.0033906912
vega,0.002839212,-0.0022373411
ces,0.0023041393,-0.0037990785
hand,0.0021098386,0.00695371
warmer,-0.0002567533,0.0016751207
staying,-0.00043129828,0.0002908508
alive,0.0021831994,-0.00051198923
indie,-0.0006674285,-0.0028452666
development,-0.0012461818,-0.00611255
survive,-0.00084222696,-0.004045784
kind,0.0013115093,0.0028388493
downer,0.0022310007,0.00087959087
coronasdk,0.002000869,0.0010596465
self,0.00207273,0.0023862643
downside,0.001119091,0.0039924183
mocked,0.0012078212,5.1624178e-05
sabotaged,-0.0020012204,-0.002134224
youtube,-0.0021325764,-0.0005138404
account,-0.00068758684,-0.0007666813
entire,-0.0017305455,-0.0011735319
online,0.0017757305,-0.0066901115
ecosystem,-0.0012052866,0.0019383901
form,-0.0010614743,0.0019237213
friend,-0.0041716592,-0.0031304383
abandoned,-0.0034114849,-0.0025494986
reality,-0.0025482553,-0.0039138435
communication,-0.0021771858,0.001193548
stopped,-0.010582346,0.0042016725
happened,-0.0013561986,0.000109192544
taxi,0.0006597766,-0.0033019262
magic,-0.0019286369,0.0026134297
cab,-0.005556429,0.0058920523
explaining,-0.0023589237,-0.0056067184
realistic,-0.004322681,-0.0037548481
bot,0.00041877458,-0.004884168
experiment,0.0034096718,-0.00094890845
utter,0.0031920592,-0.004572276
letter,0.0033177978,-0.00041484804
ballroom,0.0030128628,0.0033197547
wrap,-0.003189657,0.00079181354
gamechanger,0.0012548447,-0.00043343578
wave,-0.004377193,0.0018874978
doubt,0.004019232,0.0034749324
apparent,-0.0025591603,0.0010144222
nice,0.0010196678,0.0044322186
stuff,-0.00023756857,-0.003585063
removable,0.0011309407,0.0013713326
alwayshavingtoplugin,0.0019396904,0.0028506867
gsdm,0.0005655145,-0.0027578205
foursquare,0.0003860541,0.004034101
gowalla,0.0026520153,0.0011937119
bruise,-0.0047660037,0.0034712546
panelist,-0.0017345062,0.0050545163
regarded,-0.005456567,-0.0011324497
sustainability,-0.0047117607,0.0023791133
space,0.001558726,0.00028680376
corporate,0.0018203479,-0.0059600873
reporting,-6.613405e-05,0.0016816488
transparency,-0.0018566725,0.004087995
evolve,0.0017733825,0.0058679488
impossible,-0.0029610575,-0.002228046
downloads,-0.0031667287,0.0019915511
presentation,0.004838621,0.002067926
sale,0.0048248284,0.0033914049
pitch,-0.001401033,-0.0016137165
sooo,0.004160779,0.001193455
ipads,-0.0026220472,-0.00028735274
session,0.00032270487,-0.0037432848
amismarternow,0.0029012025,-0.0046235444
hear,-0.002943446,0.008058141
awesome,0.005052126,-0.0058175856
acknowledge,-0.0013004154,-0.0031828298
increase,-0.0004256776,-0.009661868
support,0.011192545,-0.0053570317
incorrect,-0.004389114,-0.00010592608
sxxpress,0.00081216556,-0.0010605354
almost,0.0036004703,0.0051521095
exposing,0.0010733161,-0.00054925424
horrendous,0.00016956827,0.006638427
aron,0.0007023056,-0.003207643
pilhofer,0.0017883148,-0.007903337
khoi,-0.0015877105,0.0018730292
vinh,0.006586758,0.002067989
media,0.0007460442,0.005094493
skip,-0.0011597931,-0.00069351954
barely,-0.00090668927,-0.0031121462
shrink,0.0020428246,0.0025651332
pollak,0.0025728433,0.0010083512
trouble,-0.00034453266,-0.0012904208
sxswbigbrands,0.006216034,-0.008216063
turning,0.004846028,0.0028211873
forgotten,-0.0018488438,-0.0014136025
kicking,-0.0006751635,-0.0022134683
talking,-0.0002374905,-0.0028813395
neither,0.003324105,0.0058096093
partial,0.00042679813,-0.0017606927
fine,-0.00035449988,-0.0047612227
deciding,0.00060335145,0.0053829434
ride,0.0022712029,-0.00029859514
hell,-0.0016595384,-0.002420403
sold,0.0048572836,-0.0038190212
dinner,-0.00029824782,0.00504072
figure,-0.00029850547,6.041025e-05
navigating,-0.006899137,-0.004700013
worse,0.00084520585,0.007140809
face,0.00055770477,0.0012707865
adpeopleproblems,0.0069861473,-0.0016513095
mullenweg,-0.0003748282,-0.0021419988
admits,0.0021475647,-0.0030555266
wordpress,0.005395349,9.830857e-06
honesty,0.00054277334,-0.007238464
glad,-0.007655934,0.0025939522
faulty,0.0040809684,-0.0013301957
dy,-0.0026278384,0.003847104
condense,-0.006536465,-0.01156937
nine,-0.002192901,-0.005534276
technical,0.00036590223,-0.00014669863
solution,0.0044645118,-0.0034128278
community,0.0012637202,-0.005252276
human,-0.00073564076,-0.0034748495
dont,0.0027282978,0.0011586916
behave,-0.0028239342,-0.005242365
simple,0.0011194125,0.00072536385
malady,-0.00192405,-0.0051709195
elbow,0.004522546,-0.0041383565
heat,-0.003768975,-0.00092578656
million,-0.001817406,0.005054891
sun,0.0017119803,-0.00032082287
oldschool,-0.004390402,0.00028246618
novideo,0.0005451882,0.001813292
veryslow,0.000580502,-0.00024214051
home,-0.0029297275,0.0009695559
watched,0.0015627217,0.005103765
season,0.005121705,0.002140854
guild,0.0008650019,-0.0019414314
hijack,0.008341669,-0.00067525695
little,0.004502105,-0.007218295
control,0.0049996944,0.0024137292
reilly,0.0061041936,-0.007863493
pnid,-0.0004761675,0.00035366035
room,-0.0012130415,-0.0004636492
nobody,-0.0038885775,-0.0022872668
raise,0.0028938465,-0.003692423
packed,0.0027564322,-0.00063352025
socialviewing,0.0030049363,-0.0013701915
lunch,0.0031788053,0.0016220188
cnngrill,-0.0014207828,-0.008229261
view,4.4718876e-05,0.0007562964
html,0.0026467042,0.0026082867
trench,-0.00040532678,0.00397369
painful,0.0022807727,0.00042285697
sleek,0.0033262747,-2.8013606e-06
repair,0.0057342923,-0.003201264
damage,-0.0045704455,-0.0015086251
microformats,-0.0035941256,-0.004700966
math,0.001135739,-0.0014921159
clock,-0.0015453479,-0.008106426
ahead,0.00033336956,0.0050126323
miss,0.0063911737,0.0016836274
person,-0.0011570845,0.0015049177
popup,0.0021010942,0.0035250299
impression,0.0028271766,0.0023396797
lemon,-0.0012478174,-0.0015651198
backlight,-0.0021630602,0.0015724789
bleed,0.0018261307,0.0015439102
thru,0.0005763195,0.00096858974
bottom,-0.00012148772,-0.0064299074
beware,-0.0002398676,-0.0019267257
completely,0.0018303704,0.0054408503
innacurate,0.0028998803,-0.004556806
hyatt,0.00417161,0.00099878
reason,0.0030736458,-0.001809479
sxswfail,-0.0014785151,0.0013445932
facebook,0.0022362396,0.0004360012
monopoly,0.0028774478,0.0038947386
wary,0.0027979757,0.0040297355
kara,0.0014532908,0.0034028138
swisher,-0.0020741806,0.00223762
stylish,-8.7493136e-05,-0.002454419
cashmore,0.00025264884,0.0022257995
crushing,-0.0016557699,-0.0042543816
endorsement,0.0034085107,0.002396367
checkins,-0.0016380624,-0.0026096173
ouch,-0.0032605375,-0.003267502
june,-0.0002578065,0.008381169
survived,0.00083037437,0.00010805419
severe,-0.0022257117,-0.002289407
drop,-0.002478121,0.00021321332
evade,-0.0062762154,-0.00037254952
drowning,0.0014434083,-0.005013888
droid,-0.002440681,-0.0025512243
le,-0.0033730783,0.0025495852
total,-0.0025452778,0.002576632
tomorrow,0.001415599,-0.007605665
sigh,-0.0046066106,0.001989513
yeah,-0.0020275891,-0.0043397252
calhoun,-0.0017462154,0.0029231366
real,0.00044801165,-0.00040487072
bringing,-0.004887655,0.00012671642
itunes,-7.4939126e-05,-0.0012224745
ubuntu,-0.003266997,-0.0014564444
desktop,-0.0019315577,0.0025701914
outdid,-0.0035817584,0.0058953096
broken,-0.0017429502,0.00018914216
happen,-0.0033677807,0.007957359
guessing,0.0013054835,-0.0045573884
totalitarian,0.00048998767,0.0011254731
action,0.003847006,0.0026836633
worldwide,0.00028792347,-0.0012021196
decide,-0.002714715,0.001379574
ridiculous,-0.005875293,0.0030673165
someone,0.0001600825,0.001389076
cannot,0.004013227,-0.0023313034
concert,-0.0018612039,-0.004320885
silly,0.007836046,-0.00044552062
wannabe,-0.0069596423,-0.001092759
fanbois,0.0008675414,0.0019280115
acting,-0.0029115442,0.004120657
giggling,0.0053943144,0.0007411928
schoolgirl,-0.00024541517,-0.007849469
front,-0.0035172289,-0.00038519182
related,-0.004194116,0.0015134843
verizon,-0.0012208581,0.002465789
bandwidth,-0.0016167696,0.001464596
issue,0.0030109999,-0.00024095365
tweeted,-0.0007011335,0.0013788531
dawdled,-0.00038492822,0.002354697
wjchat,-0.00085813476,0.0027415853
hack,-0.0036383232,0.0054049334
skepticism,0.004788313,-0.003172539
farmer,0.0024572003,-0.005094259
smart,0.0033578856,0.004153815
farm,-0.005226731,0.0065068793
mobilefarm,0.0011855292,0.0020056744
xoom,0.0013450785,0.002089452
emulates,0.00026078234,0.0020659722
mouse,-0.002164568,0.0050361096
click,0.0045804847,0.0027128092
keyboard,-0.0055310233,0.0021927245
input,-0.0072133145,-0.0011044573
gswsxsw,-0.0007236282,-0.0020966937
futureoftouch,0.003889832,-0.0005514041
techie,0.0031356409,-0.0008322863
moderator,0.003125821,0.0009105764
europe,0.002408411,-0.0017623669
roaming,-0.007217843,-0.0021496895
move,-0.0017251957,0.0009216045
replicate,-0.0013206708,0.0040120184
press,-0.00012652576,-0.0024355303
thinking,0.00029649536,-0.0062168855
actually,0.0034413894,-0.0009355775
alone,-0.0008076721,0.002572724
trip,-0.005769025,-0.00075156835
playing,-0.0027983394,-0.006332464
animation,0.0025047911,0.004339165
interesting,-0.0012186216,-0.0017714968
instagram,0.003628486,0.003209495
moment,-0.00032623054,-0.0010086012
mister,0.0003157311,-9.1307535e-05
different,0.0020499155,-0.0006729859
invited,0.0087488135,0.004775039
crashing,0.0058298055,-0.00012978999
join,-0.00071337586,0.00013825382
area,-0.0014313294,0.00045832587
filter,0.0019381676,-0.00091469684
right,-0.0006558988,0.0011239927
market,0.0019970732,0.0001247643
head,0.00070023106,-0.0027612105
slide,0.004077023,0.0004862465
awkward,-0.0002123755,-0.00064334035
panned,-0.0010694186,0.001993454
trumping,0.002034404,-0.001985415
rightfully,-0.003989136,-0.00049399934
netflixiphone,0.002961809,0.0011867775
cost,-0.001855504,-0.0027275202
louis,-0.0011596981,-0.0011994746
vuitton,-0.00044367329,0.005619885
amble,-0.0020298602,0.0018144761
digitalluxury,0.005527965,-0.0021855359
writing,-0.002503074,-0.00722582
proof,0.00016343764,0.0034113347
publisher,-0.00045321666,-0.0038153648
enhancement,-0.00036407192,0.002499565
david,-0.0017303197,0.0004524616
foster,-0.0054766014,0.0031030688
wallace,-0.003106317,0.00021409134
footnote,0.00028265174,-0.0011654682
irrelevant,-0.0041241,-0.0012286316
crisis,-0.0060660527,0.00095298304
silver,0.0011127115,0.006875006
logo,0.0009589738,-0.0003089299
minute,-0.00018741899,0.004632174
demo,-0.0028490012,-0.00090875046
horrible,0.00170546,0.0012712587
pull,-0.002504788,-0.00031796348
wasted,-0.00250041,0.0039774785
festivalgenius,-0.004271311,0.0041629127
notsomuch,0.0017671036,-0.005452847
rsvp,0.0058137565,0.006233228
fml,-0.0027953573,-0.003978019
step,-0.0035736994,0.008543113
becoming,-0.0036504662,0.0001228149
skynet,0.003794759,-0.0033848293
deadline,-0.0015736207,0.0032482217
josh,0.002548632,-0.001931428
clark,-0.00041676452,-0.006009327
mantra,0.0049478314,-0.0009323626
heart,0.0007075589,-0.0012287217
pride,0.007160452,-0.0038509392
guilty,-0.0028482515,-0.0002997399
superbia,-0.005957233,0.0014903644
prize,0.0015769743,-0.004939457
handle,-0.0085979635,-0.0014980959
dear,0.0025281468,-0.00328992
sucked,0.000373229,0.00012057476
double,0.0038539104,-0.0032504506
buzzing,0.004109564,0.0016815497
across,-0.00096036255,-0.0027613412
flop,-0.0014656,0.00070790184
photobooth,0.0054246057,0.002511872
corporation,-0.002311099,-0.0068077096
learn,0.0034846617,-0.0035344716
magazine,0.00074512785,-0.0057876273
factor,-0.0076253084,-0.0020447695
pragmatic,0.0020825742,0.0033247613
straight,-0.0031284657,-0.00083632016
forward,0.001240297,-0.00043573935
grab,-0.0035208147,0.007493526
pitchfork,-0.0014148168,-0.005031851
rate,0.0028994752,-0.00305623
review,-0.0016250694,0.005399583
although,0.0047910283,-0.0021566993
experience,0.009233637,-0.005870015
torturous,-0.0025278523,-0.00011244982
rhizome,-0.0048347283,0.0003390904
sxswk,-0.0025668456,-0.004142361
hilton,-0.0014828218,-0.0052616317
competitor,0.00056363415,-0.00414542
creeper,-0.0025967201,0.0044383886
half,0.002483633,-0.0050039766
preview,0.0028497472,-3.5421283e-05
shame,-0.0034623016,0.00028592825
seem,-0.0046854517,-0.0038116332
option,0.0026441533,-0.0015467778
hoping,0.004710637,-0.0025029394
bring,-0.0026081058,-0.004833798
someday,0.0002423169,-0.00019130766
overload,0.0069077546,0.008575277
info,0.0009230458,-0.0036085208
delivered,0.0071722097,-0.0055997837
kill,0.00016843429,0.0055896733
discovery,0.0013659785,0.00078693265
lose,0.00046452967,0.002903004
curiosity,0.0023472116,0.0012949294
serendipity,-0.0062187295,0.003513522
login,0.00094520993,0.00024827872
authorization,0.001599196,0.0060842806
error,0.002137176,0.0038114912
latitude,-0.0017199746,-0.0025652326
concentrate,-0.00049985625,-0.004524899
finally,-0.002765859,-0.0021738783
introduces,0.002893435,0.0011322077
fair,-0.0072622476,-0.0011377803
innovation,-0.00043096676,0.0019730285
key,-4.740145e-05,0.0012017242
worn,0.0002725598,0.0040835054
mine,0.0019225748,-0.00014139424
disagree,-0.000430301,-0.003324897
peter,0.0011532165,-0.0009634039
minor,-0.0031302837,0.0006367633
improvement,-0.0029787093,0.00034917318
worth,-0.0043799574,-0.0073992205
unless,-0.0028876304,-0.0013759978
burn,0.0011837791,0.0028630467
nope,-0.005140454,-0.0021105479
fresh,-0.002309874,0.0031668704
restore,0.006656827,-0.001997452
fave,0.002966562,0.0039547733
dali,-0.0009940588,0.004977648
canvas,-0.0051595825,-0.0028082451
ahhh,-0.007212958,0.00038103087
darn,0.002051919,-0.001242423
according,0.002589237,-0.0032642763
confirmed,-0.0074029285,-0.00242207
please,-9.149498e-05,-0.003421045
preferrably,0.007828133,-0.002762232
hashtags,0.000110564346,0.0018129691
deficit,0.007470386,-0.0014278286
woman,-0.0041410495,0.006574691
fessing,-5.0769497e-05,-0.0037136117
admitting,-0.005147318,-0.0016367626
sitting,0.0006654279,0.0026157785
floor,-0.0020259505,0.0002309602
fondling,0.0010116294,0.005447672
disturbing,0.0014276281,0.0005908069
plancast,-0.0023144311,0.0011898981
exported,0.0077002808,0.0020264338
diego,0.002890585,0.001263291
pacific,-0.00033772315,-0.0031782729
shift,0.009499452,-0.0035707448
central,0.00020533487,-0.0019300448
wack,0.0027098912,-0.0018258459
corner,0.008465192,0.0010454139
sorry,0.0015782242,0.002580663
bereft,-0.0009762813,-0.00054097857
wanderer,-0.0034154868,-0.00060833717
cord,-0.0019215504,-0.0040495414
limp,0.0011959749,-0.0027849323
lifeless,-0.0006221642,0.0028908567
poetry,-0.0003688567,-0.002189155
panhandling,-0.0022532654,0.00044022978
min,0.0056966166,-0.0041629383
extended,0.0043212534,0.0033466262
browsing,0.0013735625,-2.3460281e-05
fuckit,0.0030938026,0.0025636489
illmakeitwork,-0.005306621,0.0021303394
address,-0.0014535914,-0.00049264845
yeasayer,0.000872435,-0.0004940437
tonight,0.0053258864,0.00011675282
failing,0.0015045544,-0.006114743
paid,0.0020082495,-0.0017068916
single,-0.0018376778,0.0016004192
said,0.0003004731,-0.0031920886
idontbelieve,-0.005708326,-0.004871894
blur,0.00087841006,0.0056827795
existent,-0.0035341626,-0.0031504738
epic,-0.006807585,-0.0027166063
replacement,-0.0034686544,0.00094189204
owllove,-0.005155507,0.006589274
mock,0.0050216434,-0.003544367
nerd,-0.0028985722,0.0028727124
stand,-0.0062102415,-0.004238234
remembered,-0.0023483948,-0.0049601514
horror,-0.0014471988,-0.0024920045
movie,0.0042861807,0.0021958484
starting,0.00060006586,0.0023536992
abacus,0.004034234,-0.003151065
damn,-0.005077606,0.0010845681
wanted,0.0032062014,0.00017235968
song,-0.0013723178,-0.007987654
rail,0.0042845225,0.005894813
deliver,0.0034066464,-0.009797073
teleporting,0.0030220037,0.00073579326
capability,0.0020765527,-0.0030187229
nokia,-0.0015785496,0.0067773834
pushsnowboarding,-0.0015927606,0.0012024938
sillier,0.0027248317,-0.0039015876
watching,-0.0016563477,0.0024570422
record,-0.006444703,-0.0043980763
video,0.0030254535,-0.0028412198
agreed,-0.0010896672,0.005048075
consumerist,0.00014430321,-0.00058364496
tournament,-0.0011241382,-0.0029831151
bracket,0.008512633,0.00053886394
pitted,-0.0013353241,-0.0009612912
round,-0.0037332093,-5.40782e-06
fully,-0.0076871626,0.0020003186
anticipate,0.007862269,0.001963687
geek,-0.0009728636,0.006528802
toting,-0.0014249419,0.006842559
inventing,0.004822468,-0.0017258313
dislike,0.001768641,-0.0020296331
verpixelungsrecht,-0.004227451,0.0021286327
house,-0.0023263122,0.0005891509
pixelated,0.005157649,-0.0015390862
street,-0.0041698706,0.0007845151
theft,-0.0049671456,-0.0026222554
public,0.0006508656,-0.0031739792
grrrr,0.004309479,-0.0040795347
muting,-0.0036262805,-0.009093702
organic,-0.0025622034,-9.958503e-05
unveils,-0.00226518,-0.001629956
broadfeed,0.0035879337,-0.002865432
get,0.0021727777,0.001574582
door,-0.0021852404,0.0034833145
expensive,0.00095497817,-0.00096245506
plan,0.0033374708,-0.0037479724
killing,-0.00034474343,-0.00049749116
flavor,-0.0055200327,-0.0006381479
contextual,0.0029359825,0.0023867649
abroad,0.009126857,0.00483722
decided,0.001625451,0.0010746398
salon,0.0009390594,-0.006081067
sprint,0.0012291356,0.0034979417
galaxy,-0.0013230195,0.005982132
rejection,-0.0014381118,-0.0010325252
count,-0.00022792946,-0.0023626154
reasonable,-0.00043402892,0.000223066
ogilvy,0.0006561206,0.0010512131
autocorrects,-0.0032847195,0.00041399017
idiocy,-0.00048394044,0.005349847
ogilvynotes,0.0032549486,0.0014194901
showcase,-0.0026994601,-0.0023652972
equity,-0.008999981,0.0015767703
attached,-0.0005915429,0.0023248827
cashmere,0.0043285885,0.00016419303
mashable,-0.0047408813,0.00035574456
huge,0.0026759037,0.0061316984
team,-0.0048870086,0.001083227
parachute,0.0022216975,0.0035688414
andrew,-0.0030499168,0.005737683
equates,0.00054282276,-0.003062378
homogeneity,0.001403727,0.00019721601
predictability,-0.007975482,0.0003481041
west,-0.0020792503,0.0005688388
imaconf,0.0007249636,0.0058406107
drumbeat,-0.0035839982,0.0012273139
mojo,-0.0017168346,-0.005958846
york,0.0007315837,-0.0016318742
guru,-0.0011770647,0.005137901
express,0.0014203419,0.0030548442
scepticism,0.0029132895,-0.003067847
sxflip,-0.00016377526,0.0007529018
continued,0.001366782,-0.001954705
existence,0.004485254,0.0038419303
multiple,-0.0045834016,-0.003138871
monetization,-0.0025610905,0.004135559
cheapen,-0.0047342246,-0.009423574
comments,-0.0049955184,-0.000255906
csr,-0.002833931,-0.0045001595
janecek,-0.0033549285,-0.0043656835
charity,-0.0036615187,0.0005073383
decision,0.00237799,0.003682437
guardian,-0.0045779822,0.001667052
everything,-0.004449718,0.0016916774
except,0.0013692304,-0.004377086
rumor,0.0054512043,-0.0032101967
mill,0.0026986706,-0.00015704072
slightly,-0.0013983041,0.0022598747
thinner,0.0057043876,-1.2182478e-05
rare,-0.004964308,-0.007719355
earth,0.004934695,-0.00053252047
case,0.001259902,-0.0015053917
smudgy,0.0012619118,0.0018536601
waze,0.00040008087,0.0039342768
duking,0.0064559374,-0.002359822
personalized,-0.004050237,0.0018742415
mapping,0.009617838,-0.006601479
standard,0.00047168197,0.0017145355
navigation,-0.003448587,-0.00024635883
tool,0.0007465959,0.0010601379
diabetes,0.0010703113,-9.039263e-05
plate,0.00022663343,-0.0023190323
covered,0.003717346,0.007884443
donate,-0.003627772,-0.0068135373
tsunami,0.00036666213,-0.0053013857
victim,-0.0014457938,-0.005004703
apparently,0.005890223,-0.00079778326
preference,-0.0007682248,-0.000118728734
seenocreepy,-0.0027312534,0.0010951968
amen,0.0048917085,0.0010801387
wknd,-0.0021643208,-0.00012645805
brought,-0.00525997,-0.001318087
rerouted,-0.0033423202,-0.0022295478
image,0.0035247188,0.00089081883
jcpenney,0.00386321,0.0018289608
macys,0.0016315674,-0.004723778
trashy,0.0030764258,0.0029893122
restraunts,-0.0024499039,-0.0007056851
comment,-0.0026784798,0.006578779
uosxsw,0.0061584488,0.0031807553
deliciously,0.003700881,0.0013958617
ironic,-0.0019249277,0.00022047461
privacy,-0.0006004671,0.010029098
banking,0.006150044,-0.00047231704
cartel,-0.0036910677,0.006720861
military,0.00317211,-0.00026079643
scientific,-0.005150664,0.0029175596
dictatorship,0.0018044645,0.003506693
takeover,0.0010653356,-0.003955917
rant,-0.0044696364,-0.004201055
consumer,-0.00477922,-0.005184038
basically,0.0010069263,0.0017381783
report,-0.00026010172,-0.005614745
unveil,-0.0014029476,0.007378905
angrybirds,-0.0051687183,0.0060848743
julian,0.0038106719,0.0011920895
screamed,-0.00054287177,0.004261543
zone,-0.0045497715,0.004380564
pigfucker,0.0027873279,0.0023100742
threw,0.0006094059,-0.0028368721
fodder,0.00025892322,-0.007426287
snubor,0.0053035384,0.004776667
forget,0.008505559,0.0026724904
gain,-0.0030989398,0.0014602207
traction,0.0045284885,0.00013389006
struggle,-0.003643344,0.0005668741
toast,-0.002026319,-0.0050394856
start,0.0028997306,0.007525504
hotpot,0.0018982879,0.0014367206
restaurant,0.0030193357,-0.0031364618
recos,-0.0039417283,-0.003425408
yelp,-0.0025305597,-0.00047361726
latina,-0.0007732667,-0.00051975576
porn,0.0026483522,-0.004228228
latism,-0.0034875674,-0.001873164
sxswlatam,-0.006602609,0.008698089
latinasintech,0.0038078271,-0.0046740854
bcet,0.0042360607,0.0019990369
goody,-0.0029151076,0.003022023
incapable,-0.00025329212,-0.004944559
disruptive,-0.002501389,0.00011930485
acquired,0.0043045315,0.00023851993
leanstartup,-0.0017446564,-0.0019855557
hipster,0.0011235537,0.0017336435
oversized,-0.006320039,0.0023981226
earphone,-0.0002589251,-0.0030491902
pluged,0.0045406786,0.0003903415
happy,-0.0012587529,0.002731542
loose,0.0028799686,-0.0003451157
law,0.0012974101,0.0013588684
something,-0.0009619124,0.0036352188
effing,0.001032759,0.0052169217
hubby,0.008790987,0.0031358583
towards,0.0052564177,-0.0051923506
wife,-0.0015627937,0.00070969824
number,-0.0008420784,0.0015590434
newest,-0.00077652105,0.00033474926
unstable,0.00067261467,0.002546651
nten,0.0011634383,0.00040308668
raised,0.00038725877,-0.0037055505
googled,0.0042383075,-0.0033829238
direction,-0.0073180753,0.0028084833
ended,0.0032482315,0.0012031234
wrong,-0.0070712673,0.0011310431
picture,0.0006960275,-0.0011540299
sightings,-0.0016525781,-0.004627039
source,0.0022658415,-0.0030504924
code,0.002069812,-0.002939143
journalsim,0.0050600013,0.002598243
democracy,-0.0026364722,-0.0031477304
informed,-0.002722007,0.00089120585
populous,0.0062888726,0.004339558
focus,0.0012357448,0.0008655659
smm,0.0025736922,6.2891886e-05
sound,-0.0012097908,-0.0013445843
exploiting,0.0045171543,-0.007084006
return,0.004388603,-0.0008616453
policy,-0.0008127397,0.00093058863
imacs,0.0021402147,0.00417636
designer,0.0030501601,0.004330458
speaks,0.0011725791,-0.0042581726
truth,0.0016575387,0.00075483724
staff,0.0010370122,0.0005808311
high,-0.005919213,0.0055224933
facepalmed,0.0029260837,0.00012591675
longlinesbadux,0.004219574,0.00233735
closed,0.00301891,-0.0041919765
night,0.005692849,0.00035792965
cop,-0.00039099346,0.003073404
barring,-0.00045370247,-0.0027314643
sneaky,-0.003471736,-0.0037454718
usual,-0.0036616363,-0.010356942
cartoonishly,0.0012851583,0.0014805985
large,-0.0024838243,-0.002329732
cstejas,0.0049799727,0.009791409
table,0.0093473075,-0.0035043103
thier,0.00086841075,-0.0022311315
lobby,0.00027941837,0.00023324147
speller,-0.0062896856,8.714363e-05
funny,0.0037178402,-0.0036973804
autocorrected,0.0026992185,-0.0034979174
fanboys,0.004283954,0.0010189626
valid,0.0011923707,-0.0019868738
waited,-9.5816824e-05,-0.0063089086
enjoying,-0.0030350257,-0.001762
mania,-0.00015229611,0.005831811
crapped,0.0026077996,0.0013839969
glow,-0.00514627,-0.003274671
dark,0.0019848265,0.0014290054
leaked,0.0013497027,-0.0047816318
obviously,-0.0010400116,0.0010412389
shell,0.0009812771,-0.004170649
visiting,-0.0048724688,-0.0030679898
dropped,0.0032288413,-0.0002390085
estate,-0.00050375576,0.003641927
invest,0.00034193968,-0.00044159158
willing,-0.00033327265,0.0023681745
serve,-0.006885701,-0.0010841856
readership,-0.0033600603,0.0019683118
opportunity,0.0019929293,-0.0034741873
ignore,-0.0050842506,0.0012016508
looking,-0.0015055208,-0.00034413944
optimized,0.0037432709,-0.0005164741
client,-0.0036925296,-0.00057254644
ripping,-0.0033796895,-0.0021920889
joomla,-0.00016713947,0.0019646892
available,-0.00028896166,-0.00048772502
failed,0.0007169944,-0.0029416285
force,-0.0006077168,0.0017532972
choke,0.0027392448,0.0002796918
tougher,0.002215664,0.0030859308
crowd,0.00024550807,0.0007008438
colin,0.0024133206,-0.00047786164
quinn,0.0037140024,0.00490217
charged,-0.0014510626,0.006851093
crappy,0.0012351777,0.001276232
sleep,0.0007174704,0.004136461
crazyfest,-0.0059910915,-0.003343202
idiot,-0.0024839477,0.0032954365
smcomedyfyeah,0.00021803036,3.237186e-05
weight,0.0045361044,0.0060782316
clearly,-0.0045697303,0.0074678776
daylight,0.0022397097,0.0025800285
saving,-0.0016708239,-0.0065192655
whoop,0.005016877,-0.0023564794
ughhh,-0.0009263319,-0.0006758084
domain,0.0013173833,-0.0007797787
rain,0.0034894985,0.0016206541
orlando,-0.0031714765,0.0010043649
attended,-0.0021605396,-0.0039738514
preso,-0.0020085464,-0.0009987489
simply,0.0046161804,-0.0004672614
felt,0.002138187,-0.005126737
hash,-0.0029772664,8.508051e-05
nerdiest,0.0010129445,0.0022529205
tmsxsw,-0.00088845624,-0.0049254047
lining,0.00090667413,-0.0014083962
headed,0.0009003288,0.0033615907
class,0.003644196,0.0006640714
assume,-0.00475732,7.8992285e-05
ditch,0.0031947203,-0.00039228157
previous,-0.0022055046,-0.0047756056
nutter,0.00033949106,-0.0016703237
ipading,0.0018541621,0.002452196
techno,-0.0041471883,-0.006569749
mecca,0.0059947986,0.00019121253
distract,0.003270308,0.0037034363
pub,0.004644322,-0.00080906204
focusing,0.0038121457,-0.0011481049
reader,0.00017933315,-0.0032873226
delivering,0.00014064374,-0.0012537905
way,-0.0013812236,0.00050953246
frustrating,0.0038376611,-0.0018160673
zeldman,0.0021190278,0.0013807212
zelda,-0.0062770923,-0.0017943628
jzsxsw,0.0028175062,-0.00033806355
guykawasaki,-0.0015121616,-0.0045419065
lot,-0.0016091515,0.00041159545
message,-0.0036049923,0.0005515782
deck,-0.0045784437,0.0005352947
rest,4.7242513e-05,0.0014180875
prefer,-0.0018666041,0.0021116182
balckberries,0.00024537568,-0.0053022825
andriod,-0.00046589095,0.0018020238
device,-0.002212452,0.0018425784
durable,-0.0066911657,0.0059415433
anti,0.004360137,0.00039190715
repressed,0.0010028421,0.003234145
memory,0.00084921427,0.0025653609
spinning,0.0062432564,-0.0010071959
beach,0.0038378453,0.0034870552
ball,-0.00022342095,0.00030304326
progressbar,0.0081807235,-0.00038177063
respectfully,-0.0039169737,-0.0012146877
ubiquitous,-0.0024998228,-0.002208308
turned,0.0055930414,-0.004443506
giant,-0.0016594614,6.761957e-05
plain,0.0011427837,-0.0030238528
canada,0.0041541387,0.003983498
spontaniety,0.004630426,0.0005859173
gig,0.0060404264,0.00526603
shall,0.0015885719,-0.0019609614
position,0.0014208565,-0.0002503518
china,0.0032912847,0.008718429
suicide,-0.006460473,-0.0034175243
thisisdare,0.0062138727,0.0035127227
consultation,-0.0008576689,0.0019852454
hint,-0.0008687616,0.008340793
messed,0.000710243,-0.005172917
yonkers,-0.0065796785,-0.000453048
implement,0.0018364054,0.00026797166
eventually,0.0003595361,-0.0015126327
gmail,-0.0036279957,9.1281196e-05
synching,0.0047112806,-0.0014183711
activate,-0.004082523,0.0034904862
cellular,-0.008419846,0.004445577
warning,0.0023637912,-0.0034578997
complicated,0.0048921173,0.0014196967
cover,-0.0054163607,0.001292895
resetting,-0.002465613,-0.002144469
cell,-0.0004580741,0.00023864671
dissapointment,-0.00133185,0.002496659
sponsored,-0.0005832689,0.0039440286
plus,-0.0040386356,0.0022881043
opened,-0.0004099504,-0.0009746084
yesterday,-0.0074113887,-0.0010174618
flawless,0.0011835892,0.0042356183
poor,0.0016206497,-0.0055269264
planning,0.00044004517,0.002075289
massive,0.0030117256,-0.004581411
semi,0.0051426636,-0.0035025787
parked,0.0022771934,0.002476477
justsayin,-1.9742361e-05,0.0007725873
taken,0.0051164874,-0.0062080887
upon,0.0017181482,-0.0017535217
clear,-0.0019204663,0.002151092
gonna,-0.002930817,-0.0027593244
anymore,-0.0037943968,0.00016020471
frustration,-0.0055761333,0.0019871637
glued,-0.0012119325,-0.0093366485
gotten,0.0026007819,0.001844764
buggy,-0.00086176355,0.005629099
lately,-0.0022685218,0.0027585572
blame,0.0011364653,-0.0005558245
badge,-0.004652045,-0.0018890878
food,-0.005050426,0.004135735
drink,-0.0013553941,-0.00040245964
unpack,-0.002540564,-0.00084163045
priority,-0.0005877165,-0.005355607
turn,-0.0006030912,-0.0027303363
douchebag,0.0072787725,-0.0025042954
object,-0.0078049577,0.003372878
installing,0.004007518,0.0016374023
fleet,-0.0034674327,-0.0009785126
armed,-7.3610736e-06,0.0021746447
anyway,0.003123527,-0.002477176
bored,-0.002965128,0.0017478518
popupstore,-0.0035428768,-0.0051101097
crack,-0.0022171284,-0.001562991
facist,0.0015652159,0.007241611
journalist,0.004282332,0.0050452263
pass,0.0055002305,-8.497286e-05
afford,0.0017717978,0.004207255
anyways,-0.005554431,0.0017259864
perfect,0.0024749152,-0.003286766
detail,-0.000122013575,-0.0041679163
recreated,-0.0018449761,0.001434798
doodle,-0.006859947,0.0012035312
original,-0.00062776037,-0.0035207705
bug,-0.0015005757,-0.0036618565
included,0.0024123522,0.00068493653
googledoodles,0.0015140158,0.0051743733
quickly,-0.000113436785,0.001087718
borrow,-0.003254713,-0.004131098
portable,-0.00022798513,0.008068537
rebecca,-0.0020981422,0.005183795
black,-0.0021516962,-0.0018274329
fab,0.0032942246,0.0025855757
ungrateful,-0.0037182947,0.0014065416
play,0.00048431242,0.0035696616
sure,8.4678315e-05,0.006167904
patented,0.0015128882,-0.004051382
ranking,-0.0013230535,-0.0013022601
protip,-0.0028489318,-0.004337719
avoid,0.006333446,-4.7744334e-06
friday,0.0020412288,0.003499908
auntie,0.0001978159,8.6736414e-05
voxpop,-0.0057499614,3.3962868e-05
popular,0.0027367556,-0.0018934091
goer,0.0019920252,-0.0009513464
hall,-0.0066214665,0.0014551536
hilarious,-0.0033102536,0.0029762608
grateful,-0.00730636,-0.0027353594
bicycle,-0.0024219023,-0.0064804754
cursing,-0.0021029534,-0.0017689301
losing,-0.0054217116,-0.0013926199
zzzs,-0.0063745547,-0.0009849588
sitby,0.0028735502,0.002387836
include,-0.0011188443,0.005535081
extenders,-0.005113855,-0.007925662
kids,0.0055090017,0.0024144982
the,-0.0035962358,0.00297436
hmmm,-0.0008626141,0.0013760915
appear,-0.0074794386,-0.0035260874
signing,0.005909497,-0.004010914
playstation,-0.002272888,0.0020879803
xbox,-0.0015295233,0.0013291846
essentially,-0.0023150158,0.0021951387
